1,0.15731,0.17058,7.0416e-05,0.0019437,2.24,8,36,40,37.706,29.3,0.30401,0.707,0.5,0.1309,0.2,21,40.2,42.131,43.42,0.62,1,-1,17.468
2,1.7826,0.1512,7.4828e-05,0.00059035,82.202,8,36,40,32.23,29.3,0.39509,0.707,0.5,0.1309,0.2,21,40.2,41.722,43.42,0.62,1,-1,60.359
3,1.0242,0.16278,8.3688e-05,0.00074044,38.968,8,36,40,32.577,29.3,0.48126,0.707,0.5,0.1309,0.2,21,40.2,40.876,43.42,0.62,1,-1,46.439
4,0.16071,0.16861,6.5084e-05,0.0021631,2.2102,8,36,40,36.156,29.3,0.64272,0.707,0.5,0.1309,0.2,21,40.2,42.614,43.42,0.62,1,-1,18.481
5,1.8678,0.16065,8.2232e-05,0.0007061,121.01,8,36,40,33.243,29.3,0.41885,0.707,0.5,0.1309,0.2,21,40.2,41.017,43.42,0.62,1,-1,79.576
6,2.4602,0.14609,6.5699e-05,0.00059237,220.1,8,36,40,33.757,29.3,0.27204,0.707,0.5,0.1309,0.2,21,40.2,42.559,43.42,0.62,1,-1,97.977
7,2.6284,0.13935,6.0662e-05,0.0005242,207.26,8,36,40,31.712,29.3,0.36436,0.707,0.5,0.1309,0.2,21,40.2,43.006,43.42,0.62,1,-1,90.613
8,0.33896,0.16498,6.2407e-05,0.0017242,8.9048,8,36,40,33.866,29.3,0.69493,0.707,0.5,0.1309,0.2,21,40.2,42.852,43.42,0.62,1,-1,33.599
9,0.87391,0.15926,6.8455e-05,0.00094127,30.844,8,36,40,35.195,29.3,0.3897,0.707,0.5,0.1309,0.2,21,40.2,42.31,43.42,0.62,1,-1,45.818
10,2.5883,0.13707,5.9497e-05,0.0005011,213.07,8,36,40,32.032,29.3,0.31822,0.707,0.5,0.1309,0.2,21,40.2,43.108,43.42,0.62,1,-1,89.644
11,0.22598,0.17906,7.8873e-05,0.0031145,5.8226,8,36,40,37.971,29.3,0.49451,0.707,0.5,0.1309,0.2,21,40.2,41.34,43.42,0.62,1,-1,35.591
12,0.7764,0.16974,6.7181e-05,0.002153,49.821,8,36,40,35.656,29.3,0.67575,0.707,0.5,0.1309,0.2,21,40.2,42.425,43.42,0.62,1,-1,87.813
13,0.317,0.16731,6.8752e-05,0.0015638,6.2739,8,36,40,36.624,29.3,0.45674,0.707,0.5,0.1309,0.2,21,40.2,42.283,43.42,0.62,1,-1,26.398
14,1.4541,0.14906,8.4959e-05,0.00046903,65.109,8,36,40,31.204,29.3,0.33361,0.707,0.5,0.1309,0.2,21,40.2,40.751,43.42,0.62,1,-1,48.198
15,0.72044,0.17297,8.3306e-05,0.0012713,34.758,8,36,40,36.533,29.3,0.35618,0.707,0.5,0.1309,0.2,21,40.2,40.913,43.42,0.62,1,-1,56.053
16,0.77442,0.15231,6.7319e-05,0.00071452,24.955,8,36,40,34.944,29.3,0.24958,0.707,0.5,0.1309,0.2,21,40.2,42.413,43.42,0.62,1,-1,35.964
17,1.3439,0.16025,6.931e-05,0.00096627,76.144,8,36,40,35.412,29.3,0.3767,0.707,0.5,0.1309,0.2,21,40.2,42.232,43.42,0.62,1,-1,72.839
18,1.785,0.15274,8.4798e-05,0.00051973,129.3,8,36,40,32.788,29.3,0.28128,0.707,0.5,0.1309,0.2,21,40.2,40.767,43.42,0.62,1,-1,70.776
19,1.9949,0.14624,6.7111e-05,0.00058152,200.65,8,36,40,34.331,29.3,0.18747,0.707,0.5,0.1309,0.2,21,40.2,42.432,43.42,0.62,1,-1,92.352
20,0.44509,0.17582,7.1981e-05,0.003541,24.025,8,36,40,37.875,29.3,0.57974,0.707,0.5,0.1309,0.2,21,40.2,41.987,43.42,0.62,1,-1,77.133
21,1.1505,0.16382,6.9762e-05,0.0011649,59.679,8,36,40,34.96,29.3,0.51754,0.707,0.5,0.1309,0.2,21,40.2,42.191,43.42,0.62,1,-1,71.004
22,2.493,0.14015,7.6639e-05,0.00042688,265.09,8,36,40,32.22,29.3,0.19898,0.707,0.5,0.1309,0.2,21,40.2,41.552,43.42,0.62,1,-1,92.177
23,0.35896,0.15973,7.7764e-05,0.00075386,3.8365,8,36,40,32.453,29.3,0.49501,0.707,0.5,0.1309,0.2,21,40.2,41.446,43.42,0.62,1,-1,14.714
24,1.4971,0.16311,7.4778e-05,0.00095437,95.001,8,36,40,35.477,29.3,0.36053,0.707,0.5,0.1309,0.2,21,40.2,41.727,43.42,0.62,1,-1,80.825
25,0.1859,0.16817,8.0852e-05,0.0010296,1.5599,8,36,40,32.425,29.3,0.60515,0.707,0.5,0.1309,0.2,21,40.2,41.151,43.42,0.62,1,-1,10.967
26,0.13559,0.17253,7.4555e-05,0.001864,1.049,8,36,40,36.975,29.3,0.48238,0.707,0.5,0.1309,0.2,21,40.2,41.748,43.42,0.62,1,-1,11.759
27,2.0477,0.15885,8.3147e-05,0.0006499,209.69,8,36,40,34.48,29.3,0.24835,0.707,0.5,0.1309,0.2,21,40.2,40.928,43.42,0.62,1,-1,99.714
28,1.1952,0.155,8.008e-05,0.00060587,46.399,8,36,40,33.58,29.3,0.30491,0.707,0.5,0.1309,0.2,21,40.2,41.225,43.42,0.62,1,-1,45.547
29,0.57653,0.17118,7.8581e-05,0.0013635,19.945,8,36,40,36.398,29.3,0.4225,0.707,0.5,0.1309,0.2,21,40.2,41.368,43.42,0.62,1,-1,44.011
30,1.157,0.16071,6.8879e-05,0.0010052,106.61,8,36,40,36.594,29.3,0.17034,0.707,0.5,0.1309,0.2,21,40.2,42.271,43.42,0.62,1,-1,87.26
31,0.36394,0.15702,5.9141e-05,0.0011012,8.0937,8,36,40,36.132,29.3,0.34348,0.707,0.5,0.1309,0.2,21,40.2,43.14,43.42,0.62,1,-1,25.237
32,0.24901,0.17129,8.5231e-05,0.0010677,6.6084,8,36,40,36.739,29.3,0.17761,0.707,0.5,0.1309,0.2,21,40.2,40.724,43.42,0.62,1,-1,22.37
33,0.42006,0.15053,6.4556e-05,0.00070768,7.4827,8,36,40,35.019,29.3,0.2311,0.707,0.5,0.1309,0.2,21,40.2,42.661,43.42,0.62,1,-1,19.589
34,0.34753,0.1611,6.0897e-05,0.0013478,7.2448,8,36,40,35.646,29.3,0.51646,0.707,0.5,0.1309,0.2,21,40.2,42.986,43.42,0.62,1,-1,26.497
35,0.27015,0.17836,8.2267e-05,0.0021469,7.135,8,36,40,36.883,29.3,0.56089,0.707,0.5,0.1309,0.2,21,40.2,41.014,43.42,0.62,1,-1,32.931
36,0.89167,0.16151,6.4542e-05,0.001209,41.275,8,36,40,34.752,29.3,0.54856,0.707,0.5,0.1309,0.2,21,40.2,42.662,43.42,0.62,1,-1,60.234
37,0.2287,0.1793,8.2792e-05,0.0023092,5.472,8,36,40,35.928,29.3,0.67778,0.707,0.5,0.1309,0.2,21,40.2,40.963,43.42,0.62,1,-1,30.088
38,0.56854,0.16178,8.3207e-05,0.00071876,10.904,8,36,40,31.366,29.3,0.52136,0.707,0.5,0.1309,0.2,21,40.2,40.922,43.42,0.62,1,-1,24.391
39,2.4219,0.13582,7.6425e-05,0.00038871,195.55,8,36,40,31.17,29.3,0.21999,0.707,0.5,0.1309,0.2,21,40.2,41.572,43.42,0.62,1,-1,76.058
40,2.1994,0.15918,8.0441e-05,0.00069543,162.96,8,36,40,33.554,29.3,0.38723,0.707,0.5,0.1309,0.2,21,40.2,41.19,43.42,0.62,1,-1,91.464
41,0.46235,0.17223,8.3261e-05,0.0012069,11.773,8,36,40,33.339,29.3,0.62093,0.707,0.5,0.1309,0.2,21,40.2,40.917,43.42,0.62,1,-1,32.431
42,0.80905,0.16163,7.6533e-05,0.0008479,33.851,8,36,40,35.841,29.3,0.21813,0.707,0.5,0.1309,0.2,21,40.2,41.562,43.42,0.62,1,-1,45.372
43,0.97237,0.1504,5.9577e-05,0.00078293,41.762,8,36,40,34.606,29.3,0.3529,0.707,0.5,0.1309,0.2,21,40.2,43.101,43.42,0.62,1,-1,48.803
44,0.44294,0.15268,8.485e-05,0.00051943,11.25,8,36,40,33.721,29.3,0.18315,0.707,0.5,0.1309,0.2,21,40.2,40.762,43.42,0.62,1,-1,20.748
45,1.3784,0.16141,7.4287e-05,0.00088985,74.166,8,36,40,35.172,29.3,0.36016,0.707,0.5,0.1309,0.2,21,40.2,41.773,43.42,0.62,1,-1,69.09
46,0.94969,0.16526,6.232e-05,0.0017854,73.883,8,36,40,36.7,29.3,0.50887,0.707,0.5,0.1309,0.2,21,40.2,42.86,43.42,0.62,1,-1,96.748
47,2.7073,0.13937,5.9766e-05,0.0005315,221.22,8,36,40,31.428,29.3,0.38765,0.707,0.5,0.1309,0.2,21,40.2,43.085,43.42,0.62,1,-1,94.438
48,0.10401,0.17687,7.5976e-05,0.0028678,1.2759,8,36,40,37.03,29.3,0.64553,0.707,0.5,0.1309,0.2,21,40.2,41.614,43.42,0.62,1,-1,16.081
49,1.1617,0.1439,7.9138e-05,0.0004499,34.886,8,36,40,31.463,29.3,0.29307,0.707,0.5,0.1309,0.2,21,40.2,41.315,43.42,0.62,1,-1,34.496
50,0.52831,0.14865,8.2089e-05,0.00048503,7.2226,8,36,40,31.162,29.3,0.35442,0.707,0.5,0.1309,0.2,21,40.2,41.031,43.42,0.62,1,-1,16.329
51,2.1755,0.16162,8.5402e-05,0.00068011,188.99,8,36,40,31.51,29.3,0.49482,0.707,0.5,0.1309,0.2,21,40.2,40.708,43.42,0.62,1,-1,98.689
52,0.75497,0.17585,8.4777e-05,0.001467,43.157,8,36,40,34.82,29.3,0.61226,0.707,0.5,0.1309,0.2,21,40.2,40.769,43.42,0.62,1,-1,67.818
53,0.59479,0.17068,6.6537e-05,0.0025434,36.398,8,36,40,37.753,29.3,0.45704,0.707,0.5,0.1309,0.2,21,40.2,42.483,43.42,0.62,1,-1,80.521
54,1.4907,0.14815,5.9014e-05,0.00072479,111.84,8,36,40,35.03,29.3,0.24656,0.707,0.5,0.1309,0.2,21,40.2,43.151,43.42,0.62,1,-1,76.639
55,0.55327,0.17082,7.157e-05,0.001865,24.866,8,36,40,37.597,29.3,0.31721,0.707,0.5,0.1309,0.2,21,40.2,42.025,43.42,0.62,1,-1,57.048
56,0.33747,0.16679,6.2368e-05,0.0020826,10.794,8,36,40,36.338,29.3,0.61444,0.707,0.5,0.1309,0.2,21,40.2,42.856,43.42,0.62,1,-1,40.03
57,0.54113,0.16694,7.0062e-05,0.0014307,16.653,8,36,40,36.333,29.3,0.45831,0.707,0.5,0.1309,0.2,21,40.2,42.163,43.42,0.62,1,-1,41.212
58,0.9745,0.16978,8.146e-05,0.0011112,48.071,8,36,40,35.294,29.3,0.46491,0.707,0.5,0.1309,0.2,21,40.2,41.092,43.42,0.62,1,-1,62.108
59,1.8086,0.16273,7.849e-05,0.00084293,113.6,8,36,40,33.541,29.3,0.48178,0.707,0.5,0.1309,0.2,21,40.2,41.377,43.42,0.62,1,-1,84.082
60,1.7292,0.16466,8.001e-05,0.00088302,111.16,8,36,40,32.486,29.3,0.55351,0.707,0.5,0.1309,0.2,21,40.2,41.231,43.42,0.62,1,-1,85.702
61,0.10076,0.17303,6.6755e-05,0.0036366,1.2531,8,36,40,37.784,29.3,0.6101,0.707,0.5,0.1309,0.2,21,40.2,42.464,43.42,0.62,1,-1,17.862
62,0.16111,0.17631,8.5219e-05,0.0014972,2.3639,8,36,40,37.347,29.3,0.24682,0.707,0.5,0.1309,0.2,21,40.2,40.726,43.42,0.62,1,-1,15.784
63,0.48371,0.16959,7.0718e-05,0.0017335,16.679,8,36,40,36.991,29.3,0.44162,0.707,0.5,0.1309,0.2,21,40.2,42.103,43.42,0.62,1,-1,45.213
64,0.44026,0.14679,5.9309e-05,0.00068077,6.6369,8,36,40,31.668,29.3,0.48873,0.707,0.5,0.1309,0.2,21,40.2,43.125,43.42,0.62,1,-1,18.484
65,0.43779,0.1593,7.0308e-05,0.00089535,6.9715,8,36,40,34.431,29.3,0.44286,0.707,0.5,0.1309,0.2,21,40.2,42.141,43.42,0.62,1,-1,21.347
66,0.24557,0.16056,8.1123e-05,0.000722,2.1211,8,36,40,33.67,29.3,0.39771,0.707,0.5,0.1309,0.2,21,40.2,41.124,43.42,0.62,1,-1,10.624
67,0.98911,0.16947,6.8643e-05,0.0019125,71.654,8,36,40,34.858,29.3,0.68489,0.707,0.5,0.1309,0.2,21,40.2,42.293,43.42,0.62,1,-1,99.755
68,2.0624,0.16226,7.8278e-05,0.00082994,147.83,8,36,40,33.566,29.3,0.47328,0.707,0.5,0.1309,0.2,21,40.2,41.397,43.42,0.62,1,-1,95.161
69,0.75205,0.14029,6.2174e-05,0.00052781,23.968,8,36,40,33.73,29.3,0.194,0.707,0.5,0.1309,0.2,21,40.2,42.873,43.42,0.62,1,-1,30.525
70,0.85715,0.15722,6.1952e-05,0.0010151,35.164,8,36,40,32.057,29.3,0.61181,0.707,0.5,0.1309,0.2,21,40.2,42.893,43.42,0.62,1,-1,51.825
71,2.1755,0.15922,7.88e-05,0.00072297,163.79,8,36,40,34.048,29.3,0.3649,0.707,0.5,0.1309,0.2,21,40.2,41.347,43.42,0.62,1,-1,93.203
72,0.95984,0.16153,5.9273e-05,0.0014869,69.966,8,36,40,35.416,29.3,0.57644,0.707,0.5,0.1309,0.2,21,40.2,43.128,43.42,0.62,1,-1,86.61
73,0.42439,0.16172,7.1206e-05,0.00098783,8.4239,8,36,40,36.149,29.3,0.26714,0.707,0.5,0.1309,0.2,21,40.2,42.058,43.42,0.62,1,-1,24.383
74,1.8655,0.14832,6.4874e-05,0.00064774,127.2,8,36,40,33.982,29.3,0.30571,0.707,0.5,0.1309,0.2,21,40.2,42.633,43.42,0.62,1,-1,77.777
75,1.7252,0.14802,6.818e-05,0.00060403,191.88,8,36,40,34.74,29.3,0.15445,0.707,0.5,0.1309,0.2,21,40.2,42.335,43.42,0.62,1,-1,91.806
76,0.92027,0.17043,8.4075e-05,0.0010527,44.762,8,36,40,34.283,29.3,0.5265,0.707,0.5,0.1309,0.2,21,40.2,40.838,43.42,0.62,1,-1,58.707
77,0.56563,0.14171,7.4625e-05,0.00045541,9.3509,8,36,40,32.33,29.3,0.2343,0.707,0.5,0.1309,0.2,21,40.2,41.741,43.42,0.62,1,-1,17.869
78,0.72477,0.16078,8.2305e-05,0.00070669,17.193,8,36,40,31.988,29.3,0.49014,0.707,0.5,0.1309,0.2,21,40.2,41.01,43.42,0.62,1,-1,30.249
79,0.6084,0.13588,6.8533e-05,0.00043021,10.707,8,36,40,32.037,29.3,0.22061,0.707,0.5,0.1309,0.2,21,40.2,42.303,43.42,0.62,1,-1,18.619
80,0.53171,0.16357,6.9573e-05,0.0011567,12.901,8,36,40,35.836,29.3,0.41936,0.707,0.5,0.1309,0.2,21,40.2,42.208,43.42,0.62,1,-1,32.717
81,1.31,0.16921,8.1147e-05,0.0010798,79.184,8,36,40,31.369,29.3,0.64383,0.707,0.5,0.1309,0.2,21,40.2,41.122,43.42,0.62,1,-1,80.564
82,0.36437,0.16804,8.2185e-05,0.00097846,5.8207,8,36,40,31.37,29.3,0.61864,0.707,0.5,0.1309,0.2,21,40.2,41.022,43.42,0.62,1,-1,20.792
83,0.48046,0.17265,7.7176e-05,0.0016357,14.166,8,36,40,36.189,29.3,0.53927,0.707,0.5,0.1309,0.2,21,40.2,41.501,43.42,0.62,1,-1,40.678
84,1.5224,0.15725,6.2965e-05,0.00099088,107.63,8,36,40,34.601,29.3,0.47641,0.707,0.5,0.1309,0.2,21,40.2,42.803,43.42,0.62,1,-1,88.143
85,0.39101,0.15988,6.594e-05,0.0010444,6.9007,8,36,40,33.446,29.3,0.57058,0.707,0.5,0.1309,0.2,21,40.2,42.537,43.42,0.62,1,-1,23.081
86,0.32159,0.16274,5.8881e-05,0.0016829,10.601,8,36,40,37.5,29.3,0.2791,0.707,0.5,0.1309,0.2,21,40.2,43.162,43.42,0.62,1,-1,35.404
87,1.9578,0.13398,8.1509e-05,0.00035306,212.69,8,36,40,31.046,29.3,0.16157,0.707,0.5,0.1309,0.2,21,40.2,41.087,43.42,0.62,1,-1,75.657
88,0.29269,0.18016,7.9095e-05,0.0037063,14.031,8,36,40,37.71,29.3,0.63109,0.707,0.5,0.1309,0.2,21,40.2,41.319,43.42,0.62,1,-1,60.368
89,0.37701,0.12893,5.9635e-05,0.00041024,4.2299,8,36,40,31.534,29.3,0.22892,0.707,0.5,0.1309,0.2,21,40.2,43.096,43.42,0.62,1,-1,11.465
90,1.8337,0.14519,6.7434e-05,0.00055961,131.22,8,36,40,33.828,29.3,0.22479,0.707,0.5,0.1309,0.2,21,40.2,42.402,43.42,0.62,1,-1,73.498
91,0.31353,0.15772,6.9358e-05,0.00085499,5.5525,8,36,40,35.998,29.3,0.1908,0.707,0.5,0.1309,0.2,21,40.2,42.228,43.42,0.62,1,-1,18.434
92,1.3825,0.16218,7.6068e-05,0.0008776,67.499,8,36,40,34.058,29.3,0.46391,0.707,0.5,0.1309,0.2,21,40.2,41.606,43.42,0.62,1,-1,65.917
93,0.47576,0.17123,7.3338e-05,0.0017607,16.289,8,36,40,37.407,29.3,0.34351,0.707,0.5,0.1309,0.2,21,40.2,41.861,43.42,0.62,1,-1,44.915
94,0.29287,0.17285,6.5982e-05,0.0038195,13,8,36,40,37.771,29.3,0.63009,0.707,0.5,0.1309,0.2,21,40.2,42.533,43.42,0.62,1,-1,58.965
95,1.3343,0.15831,7.8568e-05,0.00070226,61.14,8,36,40,34.235,29.3,0.32857,0.707,0.5,0.1309,0.2,21,40.2,41.369,43.42,0.62,1,-1,56.056
96,0.19071,0.16465,6.0894e-05,0.0018101,3.1368,8,36,40,34.949,29.3,0.66679,0.707,0.5,0.1309,0.2,21,40.2,42.986,43.42,0.62,1,-1,20.293
97,0.63827,0.17026,7.2091e-05,0.0017119,24.731,8,36,40,35.32,29.3,0.63055,0.707,0.5,0.1309,0.2,21,40.2,41.977,43.42,0.62,1,-1,55.285
98,0.79212,0.17441,7.6697e-05,0.0019906,44.898,8,36,40,36.505,29.3,0.58053,0.707,0.5,0.1309,0.2,21,40.2,41.547,43.42,0.62,1,-1,79.733
99,2.2367,0.15088,7.5934e-05,0.00057368,147.67,8,36,40,32.945,29.3,0.32861,0.707,0.5,0.1309,0.2,21,40.2,41.618,43.42,0.62,1,-1,79.387
100,0.59047,0.17417,7.7119e-05,0.0018961,26.247,8,36,40,37.056,29.3,0.47516,0.707,0.5,0.1309,0.2,21,40.2,41.507,43.42,0.62,1,-1,59.295
101,0.24833,0.17676,7.976e-05,0.0021139,4.9408,8,36,40,35.818,29.3,0.66071,0.707,0.5,0.1309,0.2,21,40.2,41.255,43.42,0.62,1,-1,27.374
102,0.16849,0.17633,7.9177e-05,0.0020954,2.5554,8,36,40,36.358,29.3,0.61452,0.707,0.5,0.1309,0.2,21,40.2,41.311,43.42,0.62,1,-1,19.534
103,1.6712,0.13849,6.348e-05,0.0004918,92.032,8,36,40,32.689,29.3,0.25405,0.707,0.5,0.1309,0.2,21,40.2,42.757,43.42,0.62,1,-1,58.121
104,1.7873,0.12878,6.521e-05,0.00038333,128.98,8,36,40,31.592,29.3,0.17669,0.707,0.5,0.1309,0.2,21,40.2,42.603,43.42,0.62,1,-1,61.175
105,0.22208,0.17208,8.1328e-05,0.0012911,2.7243,8,36,40,34.006,29.3,0.61391,0.707,0.5,0.1309,0.2,21,40.2,41.105,43.42,0.62,1,-1,16.068
106,0.38078,0.17331,6.8751e-05,0.0031261,15.047,8,36,40,37.014,29.3,0.67318,0.707,0.5,0.1309,0.2,21,40.2,42.283,43.42,0.62,1,-1,57.66
107,2.3593,0.15021,8.0778e-05,0.00051701,157.38,8,36,40,31.802,29.3,0.35131,0.707,0.5,0.1309,0.2,21,40.2,41.158,43.42,0.62,1,-1,78.372
108,0.12735,0.17751,7.9385e-05,0.0023801,1.1642,8,36,40,37.011,29.3,0.58302,0.707,0.5,0.1309,0.2,21,40.2,41.291,43.42,0.62,1,-1,13.995
109,0.53889,0.17714,7.8589e-05,0.0024065,28.703,8,36,40,36.919,29.3,0.5998,0.707,0.5,0.1309,0.2,21,40.2,41.367,43.42,0.62,1,-1,69.915
110,0.85812,0.14718,6.9646e-05,0.0005698,16.695,8,36,40,31.037,29.3,0.43976,0.707,0.5,0.1309,0.2,21,40.2,42.201,43.42,0.62,1,-1,26.929
111,0.6573,0.17381,7.7658e-05,0.0017745,34.703,8,36,40,37.319,29.3,0.37513,0.707,0.5,0.1309,0.2,21,40.2,41.456,43.42,0.62,1,-1,65.851
112,1.0786,0.17261,8.3255e-05,0.0012409,68.45,8,36,40,35.499,29.3,0.495,0.707,0.5,0.1309,0.2,21,40.2,40.918,43.42,0.62,1,-1,78.221
113,0.38606,0.14306,6.8555e-05,0.00051535,3.5709,8,36,40,32.057,29.3,0.33275,0.707,0.5,0.1309,0.2,21,40.2,42.301,43.42,0.62,1,-1,11.767
114,1.0069,0.1645,8.3656e-05,0.00079567,39.681,8,36,40,32.867,29.3,0.49634,0.707,0.5,0.1309,0.2,21,40.2,40.879,43.42,0.62,1,-1,48.488
115,1.8607,0.15337,7.8223e-05,0.00059481,99.185,8,36,40,32.827,29.3,0.3586,0.707,0.5,0.1309,0.2,21,40.2,41.402,43.42,0.62,1,-1,66.299
116,0.58124,0.16839,6.3154e-05,0.0023965,37.326,8,36,40,36.904,29.3,0.60031,0.707,0.5,0.1309,0.2,21,40.2,42.786,43.42,0.62,1,-1,79.57
117,0.7798,0.16996,8.5185e-05,0.00099084,33.717,8,36,40,34.978,29.3,0.44129,0.707,0.5,0.1309,0.2,21,40.2,40.729,43.42,0.62,1,-1,49.216
118,0.49111,0.17537,8.3802e-05,0.00148,17.208,8,36,40,35.217,29.3,0.58972,0.707,0.5,0.1309,0.2,21,40.2,40.864,43.42,0.62,1,-1,42.905
119,2.1034,0.15317,8.4684e-05,0.00052711,191.43,8,36,40,32.913,29.3,0.27918,0.707,0.5,0.1309,0.2,21,40.2,40.778,43.42,0.62,1,-1,86.657
120,0.994,0.16055,8.1122e-05,0.00072375,48.057,8,36,40,35.115,29.3,0.2321,0.707,0.5,0.1309,0.2,21,40.2,41.125,43.42,0.62,1,-1,50.174
121,0.54009,0.17318,7.3917e-05,0.0020769,28.541,8,36,40,37.869,29.3,0.28017,0.707,0.5,0.1309,0.2,21,40.2,41.807,43.42,0.62,1,-1,64.387
122,1.5742,0.16752,7.7568e-05,0.0011137,122.82,8,36,40,35.847,29.3,0.39686,0.707,0.5,0.1309,0.2,21,40.2,41.464,43.42,0.62,1,-1,99.046
123,0.29059,0.15921,6.0827e-05,0.0011929,6.7866,8,36,40,36.829,29.3,0.23977,0.707,0.5,0.1309,0.2,21,40.2,42.992,43.42,0.62,1,-1,23.949
124,1.0577,0.16502,7.2163e-05,0.0011567,60.581,8,36,40,36.44,29.3,0.31446,0.707,0.5,0.1309,0.2,21,40.2,41.97,43.42,0.62,1,-1,70.628
125,0.54912,0.16328,7.4245e-05,0.00097557,10.698,8,36,40,33.846,29.3,0.52394,0.707,0.5,0.1309,0.2,21,40.2,41.777,43.42,0.62,1,-1,27.706
126,0.78781,0.14852,7.1661e-05,0.00057674,36.403,8,36,40,34.473,29.3,0.16011,0.707,0.5,0.1309,0.2,21,40.2,42.016,43.42,0.62,1,-1,39.14
127,2.2563,0.13502,7.1832e-05,0.00040403,143.45,8,36,40,31.109,29.3,0.2499,0.707,0.5,0.1309,0.2,21,40.2,42.001,43.42,0.62,1,-1,66.439
128,0.38375,0.182,8.1457e-05,0.0040631,25.752,8,36,40,37.665,29.3,0.66796,0.707,0.5,0.1309,0.2,21,40.2,41.092,43.42,0.62,1,-1,85.653
129,1.6878,0.14889,5.9536e-05,0.00073338,108.92,8,36,40,31.441,29.3,0.52611,0.707,0.5,0.1309,0.2,21,40.2,43.105,43.42,0.62,1,-1,77.831
130,1.3698,0.15051,6.0019e-05,0.00077631,73.511,8,36,40,32.568,29.3,0.50139,0.707,0.5,0.1309,0.2,21,40.2,43.063,43.42,0.62,1,-1,65.314
131,1.8064,0.1651,7.6502e-05,0.0010019,127.48,8,36,40,33.07,29.3,0.57306,0.707,0.5,0.1309,0.2,21,40.2,41.565,43.42,0.62,1,-1,97.398
132,1.3507,0.15678,6.0314e-05,0.0010444,95.347,8,36,40,34.45,29.3,0.51151,0.707,0.5,0.1309,0.2,21,40.2,43.037,43.42,0.62,1,-1,85.252
133,1.7382,0.14568,5.8884e-05,0.00066123,114.73,8,36,40,33.249,29.3,0.38437,0.707,0.5,0.1309,0.2,21,40.2,43.162,43.42,0.62,1,-1,74.98
134,0.31716,0.17707,8.0276e-05,0.0021223,10.379,8,36,40,37.871,29.3,0.29599,0.707,0.5,0.1309,0.2,21,40.2,41.206,43.42,0.62,1,-1,39.25
135,0.52669,0.16755,6.2877e-05,0.0022007,27.55,8,36,40,36.531,29.3,0.61378,0.707,0.5,0.1309,0.2,21,40.2,42.811,43.42,0.62,1,-1,65.66
136,0.86687,0.15404,6.6289e-05,0.0007822,28.59,8,36,40,34.583,29.3,0.35495,0.707,0.5,0.1309,0.2,21,40.2,42.506,43.42,0.62,1,-1,40.367
137,0.65605,0.16966,6.4071e-05,0.0026619,48.715,8,36,40,37.664,29.3,0.50562,0.707,0.5,0.1309,0.2,21,40.2,42.705,43.42,0.62,1,-1,95.354
138,1.2919,0.15517,8.2186e-05,0.00058659,105.91,8,36,40,34.498,29.3,0.1696,0.707,0.5,0.1309,0.2,21,40.2,41.022,43.42,0.62,1,-1,67.319
139,0.19238,0.1681,6.654e-05,0.001883,3.5219,8,36,40,37.704,29.3,0.28101,0.707,0.5,0.1309,0.2,21,40.2,42.483,43.42,0.62,1,-1,21.559
140,1.1293,0.16622,7.3337e-05,0.0011877,57.059,8,36,40,32.355,29.3,0.64619,0.707,0.5,0.1309,0.2,21,40.2,41.861,43.42,0.62,1,-1,71.271
141,2.316,0.13405,7.2951e-05,0.00039103,271.99,8,36,40,31.926,29.3,0.16172,0.707,0.5,0.1309,0.2,21,40.2,41.897,43.42,0.62,1,-1,89.531
142,0.85985,0.17057,8.2099e-05,0.0011392,38.758,8,36,40,35.266,29.3,0.47959,0.707,0.5,0.1309,0.2,21,40.2,41.03,43.42,0.62,1,-1,56.477
143,0.85195,0.16248,6.1326e-05,0.0014727,59.248,8,36,40,37.092,29.3,0.31759,0.707,0.5,0.1309,0.2,21,40.2,42.948,43.42,0.62,1,-1,78.494
144,2.0134,0.15243,7.9206e-05,0.00056658,107.04,8,36,40,31.895,29.3,0.39406,0.707,0.5,0.1309,0.2,21,40.2,41.308,43.42,0.62,1,-1,67.622
145,0.78405,0.16576,8.5389e-05,0.00080766,56.344,8,36,40,35.89,29.3,0.16911,0.707,0.5,0.1309,0.2,21,40.2,40.709,43.42,0.62,1,-1,57.113
146,2.1798,0.1471,6.3576e-05,0.00063632,173.19,8,36,40,33.806,29.3,0.31288,0.707,0.5,0.1309,0.2,21,40.2,42.749,43.42,0.62,1,-1,90.052
147,0.92256,0.1746,7.7642e-05,0.0019176,61.691,8,36,40,36.885,29.3,0.5118,0.707,0.5,0.1309,0.2,21,40.2,41.457,43.42,0.62,1,-1,91.515
148,2.8485,0.14232,7.0044e-05,0.00049324,199.98,8,36,40,31.425,29.3,0.34848,0.707,0.5,0.1309,0.2,21,40.2,42.165,43.42,0.62,1,-1,86.499
149,0.30342,0.16434,7.1913e-05,0.0011147,3.9506,8,36,40,33.901,29.3,0.57075,0.707,0.5,0.1309,0.2,21,40.2,41.993,43.42,0.62,1,-1,17.991
150,0.26747,0.17839,8.5234e-05,0.0017836,6.6565,8,36,40,34.884,29.3,0.66596,0.707,0.5,0.1309,0.2,21,40.2,40.724,43.42,0.62,1,-1,29.357
151,0.51752,0.17018,8.327e-05,0.0010661,13.49,8,36,40,34.019,29.3,0.54802,0.707,0.5,0.1309,0.2,21,40.2,40.916,43.42,0.62,1,-1,32.487
152,0.20789,0.15809,6.0938e-05,0.0011076,2.3283,8,36,40,36.042,29.3,0.36285,0.707,0.5,0.1309,0.2,21,40.2,42.982,43.42,0.62,1,-1,13.583
153,1.1335,0.15508,7.4248e-05,0.00068375,45.786,8,36,40,34.545,29.3,0.27472,0.707,0.5,0.1309,0.2,21,40.2,41.776,43.42,0.62,1,-1,47.773
154,0.88159,0.1769,8.4996e-05,0.001577,64.856,8,36,40,33.711,29.3,0.67897,0.707,0.5,0.1309,0.2,21,40.2,40.747,43.42,0.62,1,-1,86.804
155,0.76845,0.17571,8.3305e-05,0.0015627,44.694,8,36,40,36.612,29.3,0.45855,0.707,0.5,0.1309,0.2,21,40.2,40.913,43.42,0.62,1,-1,70.437
156,1.4513,0.16364,7.4178e-05,0.00099434,78.236,8,36,40,32.482,29.3,0.59273,0.707,0.5,0.1309,0.2,21,40.2,41.783,43.42,0.62,1,-1,76.299
157,1.4265,0.14895,8.1645e-05,0.00049425,124.39,8,36,40,33.614,29.3,0.15836,0.707,0.5,0.1309,0.2,21,40.2,41.074,43.42,0.62,1,-1,67.342
158,2.0609,0.15298,6.7282e-05,0.00073249,155.18,8,36,40,34.344,29.3,0.34226,0.707,0.5,0.1309,0.2,21,40.2,42.416,43.42,0.62,1,-1,91.145
159,1.711,0.1368,7.5266e-05,0.00040331,149.6,8,36,40,32.262,29.3,0.1529,0.707,0.5,0.1309,0.2,21,40.2,41.681,43.42,0.62,1,-1,67.289
160,1.91,0.15231,6.6264e-05,0.00073099,168.85,8,36,40,35.096,29.3,0.24241,0.707,0.5,0.1309,0.2,21,40.2,42.508,43.42,0.62,1,-1,94.529
161,1.1877,0.15068,6.5951e-05,0.00069015,51.001,8,36,40,34.313,29.3,0.30911,0.707,0.5,0.1309,0.2,21,40.2,42.536,43.42,0.62,1,-1,50.73
162,1.3863,0.15055,7.0659e-05,0.00062361,47.097,8,36,40,31.517,29.3,0.45845,0.707,0.5,0.1309,0.2,21,40.2,42.109,43.42,0.62,1,-1,47.172
163,0.57232,0.17455,7.8206e-05,0.0018485,28.128,8,36,40,37.393,29.3,0.37934,0.707,0.5,0.1309,0.2,21,40.2,41.404,43.42,0.62,1,-1,60.482
164,1.2069,0.16815,7.5745e-05,0.0012341,67.889,8,36,40,33.83,29.3,0.60782,0.707,0.5,0.1309,0.2,21,40.2,41.636,43.42,0.62,1,-1,78.504
165,2.5837,0.14284,6.3625e-05,0.00055401,199.8,8,36,40,32.334,29.3,0.35452,0.707,0.5,0.1309,0.2,21,40.2,42.744,43.42,0.62,1,-1,91.099
166,0.49108,0.18089,8.1333e-05,0.0033225,34.993,8,36,40,37.937,29.3,0.53597,0.707,0.5,0.1309,0.2,21,40.2,41.104,43.42,0.62,1,-1,90.137
167,1.2008,0.14827,6.4525e-05,0.00065112,55.426,8,36,40,34.272,29.3,0.27605,0.707,0.5,0.1309,0.2,21,40.2,42.664,43.42,0.62,1,-1,51.381
168,0.21251,0.16283,6.3356e-05,0.0013928,3.8905,8,36,40,37.325,29.3,0.19678,0.707,0.5,0.1309,0.2,21,40.2,42.768,43.42,0.62,1,-1,19.533
169,1.5813,0.13561,6.2445e-05,0.00046373,98.639,8,36,40,32.81,29.3,0.20176,0.707,0.5,0.1309,0.2,21,40.2,42.849,43.42,0.62,1,-1,58.384
170,1.2539,0.16897,7.6872e-05,0.0012468,73.625,8,36,40,33.407,29.3,0.62786,0.707,0.5,0.1309,0.2,21,40.2,41.53,43.42,0.62,1,-1,82.395
171,0.74516,0.1643,5.9844e-05,0.0018495,50.772,8,36,40,35.59,29.3,0.63667,0.707,0.5,0.1309,0.2,21,40.2,43.078,43.42,0.62,1,-1,82.197
172,0.16152,0.1706,8.2261e-05,0.0011287,1.2574,8,36,40,32.211,29.3,0.63666,0.707,0.5,0.1309,0.2,21,40.2,41.014,43.42,0.62,1,-1,10.324
173,0.1831,0.15762,5.9407e-05,0.0011296,1.6299,8,36,40,35.158,29.3,0.48629,0.707,0.5,0.1309,0.2,21,40.2,43.116,43.42,0.62,1,-1,11.54
174,0.77415,0.16148,8.0941e-05,0.00075198,21.553,8,36,40,33.776,29.3,0.4103,0.707,0.5,0.1309,0.2,21,40.2,41.142,43.42,0.62,1,-1,34.541
175,1.0084,0.1694,7.4665e-05,0.0014067,53.977,8,36,40,33.331,29.3,0.66249,0.707,0.5,0.1309,0.2,21,40.2,41.737,43.42,0.62,1,-1,74.972
176,0.96208,0.14938,6.3704e-05,0.00068562,29.024,8,36,40,31.465,29.3,0.49976,0.707,0.5,0.1309,0.2,21,40.2,42.737,43.42,0.62,1,-1,38.842
177,0.38911,0.1737,8.4023e-05,0.001289,9.5909,8,36,40,32.172,29.3,0.66986,0.707,0.5,0.1309,0.2,21,40.2,40.843,43.42,0.62,1,-1,30.477
178,0.90344,0.16592,7.8333e-05,0.00098818,32.731,8,36,40,32.688,29.3,0.58356,0.707,0.5,0.1309,0.2,21,40.2,41.392,43.42,0.62,1,-1,49.133
179,1.9463,0.15944,7.8311e-05,0.00073442,115.55,8,36,40,31.546,29.3,0.52288,0.707,0.5,0.1309,0.2,21,40.2,41.394,43.42,0.62,1,-1,80.171
180,0.4476,0.17357,8.2632e-05,0.0013624,12.57,8,36,40,35.92,29.3,0.49066,0.707,0.5,0.1309,0.2,21,40.2,40.978,43.42,0.62,1,-1,35.03
181,1.7034,0.13514,7.1959e-05,0.00040532,136.13,8,36,40,32.244,29.3,0.15851,0.707,0.5,0.1309,0.2,21,40.2,41.989,43.42,0.62,1,-1,64.355
182,1.3581,0.16931,7.5522e-05,0.0013546,103.01,8,36,40,36.402,29.3,0.41811,0.707,0.5,0.1309,0.2,21,40.2,41.657,43.42,0.62,1,-1,99.689
183,1.0702,0.14592,5.9239e-05,0.000662,42.042,8,36,40,32.93,29.3,0.40816,0.707,0.5,0.1309,0.2,21,40.2,43.131,43.42,0.62,1,-1,45.507
184,0.8299,0.15217,6.7588e-05,0.00070376,20.534,8,36,40,32.763,29.3,0.44843,0.707,0.5,0.1309,0.2,21,40.2,42.388,43.42,0.62,1,-1,32.826
185,0.30072,0.15772,6.2852e-05,0.0010178,5.0233,8,36,40,33.385,29.3,0.56446,0.707,0.5,0.1309,0.2,21,40.2,42.813,43.42,0.62,1,-1,19.448
186,0.94339,0.16877,8.1734e-05,0.0010421,63.797,8,36,40,36.552,29.3,0.21147,0.707,0.5,0.1309,0.2,21,40.2,41.065,43.42,0.62,1,-1,68.749
187,0.77566,0.15082,8.3361e-05,0.00050578,39.314,8,36,40,33.79,29.3,0.1536,0.707,0.5,0.1309,0.2,21,40.2,40.907,43.42,0.62,1,-1,38.255
188,0.88267,0.16275,6.119e-05,0.0015119,54.937,8,36,40,36.321,29.3,0.48728,0.707,0.5,0.1309,0.2,21,40.2,42.96,43.42,0.62,1,-1,76.952
189,0.24295,0.16638,8.357e-05,0.00086683,2.4823,8,36,40,32.584,29.3,0.54291,0.707,0.5,0.1309,0.2,21,40.2,40.887,43.42,0.62,1,-1,12.681
190,0.75608,0.16847,7.5357e-05,0.0012849,30.897,8,36,40,36.276,29.3,0.41004,0.707,0.5,0.1309,0.2,21,40.2,41.673,43.42,0.62,1,-1,53.216
191,0.41393,0.16412,7.8965e-05,0.00089018,7.5438,8,36,40,35.49,29.3,0.31518,0.707,0.5,0.1309,0.2,21,40.2,41.331,43.42,0.62,1,-1,21.995
192,0.94234,0.17123,8.3998e-05,0.0011093,60.112,8,36,40,36.478,29.3,0.27703,0.707,0.5,0.1309,0.2,21,40.2,40.845,43.42,0.62,1,-1,68.884
193,1.1571,0.13579,6.5237e-05,0.00044884,70.574,8,36,40,33.031,29.3,0.15361,0.707,0.5,0.1309,0.2,21,40.2,42.6,43.42,0.62,1,-1,48.518
194,0.77308,0.15626,7.4954e-05,0.00070371,22.406,8,36,40,34.662,29.3,0.27879,0.707,0.5,0.1309,0.2,21,40.2,41.71,43.42,0.62,1,-1,33.878
195,1.4074,0.15399,6.6451e-05,0.00077937,105.46,8,36,40,35.517,29.3,0.21741,0.707,0.5,0.1309,0.2,21,40.2,42.491,43.42,0.62,1,-1,76.937
196,1.8659,0.14817,6.161e-05,0.0006858,125.39,8,36,40,33.158,29.3,0.41016,0.707,0.5,0.1309,0.2,21,40.2,42.923,43.42,0.62,1,-1,79.875
197,0.63382,0.17135,6.6511e-05,0.0027918,45.151,8,36,40,36.404,29.3,0.69517,0.707,0.5,0.1309,0.2,21,40.2,42.486,43.42,0.62,1,-1,94.751
198,1.4634,0.15005,5.976e-05,0.00076499,83.354,8,36,40,31.557,29.3,0.53725,0.707,0.5,0.1309,0.2,21,40.2,43.085,43.42,0.62,1,-1,69.488
199,1.7724,0.15412,7.9338e-05,0.00059761,116.9,8,36,40,33.863,29.3,0.26627,0.707,0.5,0.1309,0.2,21,40.2,41.296,43.42,0.62,1,-1,71.673
200,3.0476,0.13638,6.5052e-05,0.00045527,276.92,8,36,40,31.639,29.3,0.28825,0.707,0.5,0.1309,0.2,21,40.2,42.617,43.42,0.62,1,-1,97.657
201,0.68328,0.16864,7.8745e-05,0.0011372,21.165,8,36,40,32.371,29.3,0.63455,0.707,0.5,0.1309,0.2,21,40.2,41.352,43.42,0.62,1,-1,42.47
202,0.46648,0.16504,7.651e-05,0.0010023,9.1016,8,36,40,35.559,29.3,0.37786,0.707,0.5,0.1309,0.2,21,40.2,41.564,43.42,0.62,1,-1,25.625
203,0.16963,0.16999,7.6502e-05,0.0013595,1.2923,8,36,40,33.733,29.3,0.64023,0.707,0.5,0.1309,0.2,21,40.2,41.565,43.42,0.62,1,-1,11.375
204,1.3209,0.15011,6.3802e-05,0.00070751,86.934,8,36,40,35.112,29.3,0.21588,0.707,0.5,0.1309,0.2,21,40.2,42.728,43.42,0.62,1,-1,66.723
205,0.16725,0.1686,6.262e-05,0.0025634,3.1552,8,36,40,37.133,29.3,0.59332,0.707,0.5,0.1309,0.2,21,40.2,42.833,43.42,0.62,1,-1,23.892
206,0.53719,0.16785,6.9013e-05,0.0016213,24.217,8,36,40,37.505,29.3,0.24863,0.707,0.5,0.1309,0.2,21,40.2,42.259,43.42,0.62,1,-1,52.52
207,0.29064,0.164,7.1299e-05,0.0011184,3.5459,8,36,40,35.486,29.3,0.44663,0.707,0.5,0.1309,0.2,21,40.2,42.05,43.42,0.62,1,-1,16.903
208,0.36578,0.14367,6.207e-05,0.00058304,4.2958,8,36,40,32.269,29.3,0.38626,0.707,0.5,0.1309,0.2,21,40.2,42.882,43.42,0.62,1,-1,13.709
209,1.0238,0.14379,5.9043e-05,0.00061692,36.138,8,36,40,32.321,29.3,0.41171,0.707,0.5,0.1309,0.2,21,40.2,43.148,43.42,0.62,1,-1,40.887
210,0.27315,0.16906,8.0285e-05,0.0011074,3.995,8,36,40,34.059,29.3,0.55982,0.707,0.5,0.1309,0.2,21,40.2,41.205,43.42,0.62,1,-1,18.014
211,1.2247,0.17254,7.8729e-05,0.0015008,87.981,8,36,40,35.809,29.3,0.54493,0.707,0.5,0.1309,0.2,21,40.2,41.354,43.42,0.62,1,-1,97.336
212,1.8846,0.16053,8.1743e-05,0.00071053,121.45,8,36,40,33.279,29.3,0.41941,0.707,0.5,0.1309,0.2,21,40.2,41.064,43.42,0.62,1,-1,79.952
213,1.1879,0.15356,6.6406e-05,0.00076495,54.403,8,36,40,34.75,29.3,0.32158,0.707,0.5,0.1309,0.2,21,40.2,42.495,43.42,0.62,1,-1,55.009
214,0.14771,0.1724,8.0728e-05,0.001363,1.4634,8,36,40,37.102,29.3,0.25858,0.707,0.5,0.1309,0.2,21,40.2,41.162,43.42,0.62,1,-1,11.867
215,0.8211,0.1663,7.9576e-05,0.0009716,27.03,8,36,40,33.549,29.3,0.53931,0.707,0.5,0.1309,0.2,21,40.2,41.273,43.42,0.62,1,-1,44.032
216,0.49681,0.16836,7.706e-05,0.0011894,11,8,36,40,33.081,29.3,0.62577,0.707,0.5,0.1309,0.2,21,40.2,41.512,43.42,0.62,1,-1,31.171
217,1.0889,0.15078,6.7069e-05,0.0006738,33.142,8,36,40,31.174,29.3,0.5039,0.707,0.5,0.1309,0.2,21,40.2,42.435,43.42,0.62,1,-1,41.223
218,1.7408,0.14989,6.9544e-05,0.00062426,82.329,8,36,40,32.673,29.3,0.39542,0.707,0.5,0.1309,0.2,21,40.2,42.211,43.42,0.62,1,-1,61.941
219,0.83275,0.16576,6.9179e-05,0.001349,34.245,8,36,40,31.442,29.3,0.69126,0.707,0.5,0.1309,0.2,21,40.2,42.244,43.42,0.62,1,-1,59.19
220,0.62483,0.17516,7.4604e-05,0.002518,37.625,8,36,40,37.708,29.3,0.46533,0.707,0.5,0.1309,0.2,21,40.2,41.743,43.42,0.62,1,-1,81.482
221,1.406,0.15776,7.552e-05,0.00073639,71.854,8,36,40,34.686,29.3,0.3055,0.707,0.5,0.1309,0.2,21,40.2,41.657,43.42,0.62,1,-1,62.052
222,0.22131,0.18135,8.2341e-05,0.0032409,7.0062,8,36,40,37.667,29.3,0.59045,0.707,0.5,0.1309,0.2,21,40.2,41.007,43.42,0.62,1,-1,39.9
223,0.96324,0.17629,8.1884e-05,0.0017741,75.876,8,36,40,37.063,29.3,0.43895,0.707,0.5,0.1309,0.2,21,40.2,41.051,43.42,0.62,1,-1,97.515
224,2.4054,0.15013,6.9808e-05,0.00062506,146.78,8,36,40,31.664,29.3,0.45269,0.707,0.5,0.1309,0.2,21,40.2,42.186,43.42,0.62,1,-1,83.294
225,0.41753,0.1716,6.8858e-05,0.0024133,16.293,8,36,40,36.654,29.3,0.6317,0.707,0.5,0.1309,0.2,21,40.2,42.273,43.42,0.62,1,-1,52.836
226,0.80084,0.16396,6.5137e-05,0.0014022,37.523,8,36,40,35.067,29.3,0.5813,0.707,0.5,0.1309,0.2,21,40.2,42.609,43.42,0.62,1,-1,61.729
227,0.62075,0.17361,7.0754e-05,0.0027502,41.221,8,36,40,37.229,29.3,0.60488,0.707,0.5,0.1309,0.2,21,40.2,42.1,43.42,0.62,1,-1,89.396
228,0.82466,0.16911,6.979e-05,0.0017306,43.365,8,36,40,33.72,29.3,0.69972,0.707,0.5,0.1309,0.2,21,40.2,42.188,43.42,0.62,1,-1,74.352
229,0.46864,0.1697,7.1699e-05,0.0016639,13.281,8,36,40,36.574,29.3,0.49546,0.707,0.5,0.1309,0.2,21,40.2,42.013,43.42,0.62,1,-1,39.629
230,0.18596,0.17569,7.3539e-05,0.0029719,3.3753,8,36,40,37.514,29.3,0.58645,0.707,0.5,0.1309,0.2,21,40.2,41.842,43.42,0.62,1,-1,26.545
231,2.0915,0.14448,7.3662e-05,0.00049533,118.81,8,36,40,32.207,29.3,0.29852,0.707,0.5,0.1309,0.2,21,40.2,41.831,43.42,0.62,1,-1,66.479
232,2.0086,0.14269,7.1733e-05,0.00048637,108.19,8,36,40,32.149,29.3,0.29173,0.707,0.5,0.1309,0.2,21,40.2,42.01,43.42,0.62,1,-1,62.885
233,1.1984,0.15303,7.132e-05,0.00067061,37.883,8,36,40,31.131,29.3,0.50361,0.707,0.5,0.1309,0.2,21,40.2,42.048,43.42,0.62,1,-1,43.981
234,1.1215,0.15792,6.1336e-05,0.0010788,67.964,8,36,40,33.805,29.3,0.56423,0.707,0.5,0.1309,0.2,21,40.2,42.947,43.42,0.62,1,-1,73.453
235,1.9494,0.16403,8.3731e-05,0.00077978,154.61,8,36,40,33.764,29.3,0.42971,0.707,0.5,0.1309,0.2,21,40.2,40.871,43.42,0.62,1,-1,94.213
236,0.99612,0.16463,6.594e-05,0.0014278,59.76,8,36,40,35.994,29.3,0.5032,0.707,0.5,0.1309,0.2,21,40.2,42.537,43.42,0.62,1,-1,78.154
237,0.092188,0.16712,6.7282e-05,0.0016516,0.91513,8,36,40,37.402,29.3,0.30101,0.707,0.5,0.1309,0.2,21,40.2,42.416,43.42,0.62,1,-1,10.311
238,2.9078,0.15068,7.2818e-05,0.00060146,210.27,8,36,40,31.327,29.3,0.45108,0.707,0.5,0.1309,0.2,21,40.2,41.909,43.42,0.62,1,-1,98.007
239,0.31461,0.16655,7.6896e-05,0.0010721,4.0371,8,36,40,33.043,29.3,0.59616,0.707,0.5,0.1309,0.2,21,40.2,41.528,43.42,0.62,1,-1,17.933
240,0.76241,0.14679,6.487e-05,0.00061492,20.707,8,36,40,33.837,29.3,0.28797,0.707,0.5,0.1309,0.2,21,40.2,42.633,43.42,0.62,1,-1,30.603
241,0.25358,0.14808,6.3538e-05,0.00065904,2.4953,8,36,40,34.131,29.3,0.30032,0.707,0.5,0.1309,0.2,21,40.2,42.752,43.42,0.62,1,-1,10.978
242,2.6252,0.15329,7.5735e-05,0.00062096,184.51,8,36,40,31.999,29.3,0.43301,0.707,0.5,0.1309,0.2,21,40.2,41.637,43.42,0.62,1,-1,92.882
243,1.6193,0.14683,5.935e-05,0.0006828,99.354,8,36,40,33.168,29.3,0.40727,0.707,0.5,0.1309,0.2,21,40.2,43.121,43.42,0.62,1,-1,70.94
244,0.22528,0.15461,6.7919e-05,0.00076734,1.7345,8,36,40,31.156,29.3,0.55113,0.707,0.5,0.1309,0.2,21,40.2,42.359,43.42,0.62,1,-1,10.065
245,0.4945,0.16621,6.2714e-05,0.0019236,23.386,8,36,40,37.589,29.3,0.34172,0.707,0.5,0.1309,0.2,21,40.2,42.825,43.42,0.62,1,-1,56.189
246,0.61001,0.17152,8.425e-05,0.0011181,24.473,8,36,40,36.452,29.3,0.28871,0.707,0.5,0.1309,0.2,21,40.2,40.821,43.42,0.62,1,-1,44.133
247,1.2124,0.14518,6.1377e-05,0.00061837,45.413,8,36,40,31.042,29.3,0.4747,0.707,0.5,0.1309,0.2,21,40.2,42.943,43.42,0.62,1,-1,46.267
248,1.468,0.15943,7.2897e-05,0.00083884,67.811,8,36,40,32.59,29.3,0.53057,0.707,0.5,0.1309,0.2,21,40.2,41.902,43.42,0.62,1,-1,65.199
249,0.5604,0.17323,7.7259e-05,0.0017112,19.963,8,36,40,34.609,29.3,0.66728,0.707,0.5,0.1309,0.2,21,40.2,41.493,43.42,0.62,1,-1,49.882
250,0.20916,0.17367,8.3204e-05,0.0013437,3.7879,8,36,40,37.211,29.3,0.21045,0.707,0.5,0.1309,0.2,21,40.2,40.923,43.42,0.62,1,-1,18.944
251,0.87045,0.14561,6.5398e-05,0.00058711,29.363,8,36,40,34.092,29.3,0.22675,0.707,0.5,0.1309,0.2,21,40.2,42.586,43.42,0.62,1,-1,35.552
252,0.32019,0.16846,8.3614e-05,0.00096172,4.9351,8,36,40,34.784,29.3,0.44573,0.707,0.5,0.1309,0.2,21,40.2,40.883,43.42,0.62,1,-1,18.573
253,0.62685,0.16515,6.9754e-05,0.0012717,18.724,8,36,40,35.637,29.3,0.49148,0.707,0.5,0.1309,0.2,21,40.2,42.191,43.42,0.62,1,-1,41.379
254,0.28527,0.16202,8.1022e-05,0.00076977,5.0908,8,36,40,35.577,29.3,0.19642,0.707,0.5,0.1309,0.2,21,40.2,41.134,43.42,0.62,1,-1,16.793
255,2.2743,0.1548,8.5141e-05,0.00054811,226.45,8,36,40,32.833,29.3,0.31055,0.707,0.5,0.1309,0.2,21,40.2,40.733,43.42,0.62,1,-1,96.16
256,1.3769,0.15977,7.01e-05,0.0009201,66.494,8,36,40,33.736,29.3,0.50687,0.707,0.5,0.1309,0.2,21,40.2,42.16,43.42,0.62,1,-1,67.126
257,1.4405,0.16751,7.8981e-05,0.0010619,121.49,8,36,40,36.361,29.3,0.27264,0.707,0.5,0.1309,0.2,21,40.2,41.33,43.42,0.62,1,-1,95.878
258,0.38651,0.17153,6.4045e-05,0.0036252,21.052,8,36,40,37.381,29.3,0.67375,0.707,0.5,0.1309,0.2,21,40.2,42.707,43.42,0.62,1,-1,73.279
259,0.091921,0.17246,6.6338e-05,0.0034145,1.0799,8,36,40,37.854,29.3,0.56981,0.707,0.5,0.1309,0.2,21,40.2,42.501,43.42,0.62,1,-1,16.061
260,0.86938,0.17341,7.4451e-05,0.0020578,67.444,8,36,40,37.716,29.3,0.34006,0.707,0.5,0.1309,0.2,21,40.2,41.757,43.42,0.62,1,-1,98.615
261,1.9371,0.15518,6.9727e-05,0.0007567,118.03,8,36,40,33.619,29.3,0.42584,0.707,0.5,0.1309,0.2,21,40.2,42.194,43.42,0.62,1,-1,81.162
262,0.40134,0.18218,8.3303e-05,0.0033942,24.921,8,36,40,37.646,29.3,0.61174,0.707,0.5,0.1309,0.2,21,40.2,40.913,43.42,0.62,1,-1,77.02
263,0.94346,0.17559,8.4597e-05,0.0014569,85.257,8,36,40,37.268,29.3,0.25411,0.707,0.5,0.1309,0.2,21,40.2,40.787,43.42,0.62,1,-1,93.553
264,0.50535,0.15808,6.6083e-05,0.00094827,11.618,8,36,40,35.635,29.3,0.33291,0.707,0.5,0.1309,0.2,21,40.2,42.524,43.42,0.62,1,-1,28.146
265,3.0435,0.13842,6.6297e-05,0.00047112,278.7,8,36,40,32.015,29.3,0.28209,0.707,0.5,0.1309,0.2,21,40.2,42.505,43.42,0.62,1,-1,99.422
266,0.33696,0.1672,5.8991e-05,0.0027817,16.982,8,36,40,37.892,29.3,0.46109,0.707,0.5,0.1309,0.2,21,40.2,43.153,43.42,0.62,1,-1,57.471
267,1.6554,0.15507,6.4856e-05,0.00084764,122.54,8,36,40,35.231,29.3,0.32222,0.707,0.5,0.1309,0.2,21,40.2,42.634,43.42,0.62,1,-1,86.644
268,0.75998,0.15986,8.2581e-05,0.0006785,18.26,8,36,40,31.537,29.3,0.49279,0.707,0.5,0.1309,0.2,21,40.2,40.983,43.42,0.62,1,-1,30.634
269,0.48048,0.17401,7.5877e-05,0.0020112,20.15,8,36,40,37.679,29.3,0.3389,0.707,0.5,0.1309,0.2,21,40.2,41.624,43.42,0.62,1,-1,53.301
270,1.7975,0.14363,7.2734e-05,0.00049093,80.364,8,36,40,31.867,29.3,0.31765,0.707,0.5,0.1309,0.2,21,40.2,41.917,43.42,0.62,1,-1,54.55
271,1.404,0.16412,8.125e-05,0.00083748,128.6,8,36,40,35.855,29.3,0.20567,0.707,0.5,0.1309,0.2,21,40.2,41.112,43.42,0.62,1,-1,87.88
272,1.1344,0.14081,5.9047e-05,0.00056161,42.31,8,36,40,32.386,29.3,0.35849,0.707,0.5,0.1309,0.2,21,40.2,43.148,43.42,0.62,1,-1,42.195
273,1.1425,0.16057,6.4376e-05,0.0011459,64.649,8,36,40,34.65,29.3,0.5349,0.707,0.5,0.1309,0.2,21,40.2,42.677,43.42,0.62,1,-1,73.441
274,0.66456,0.15736,6.1328e-05,0.0010488,25.502,8,36,40,36.154,29.3,0.30749,0.707,0.5,0.1309,0.2,21,40.2,42.948,43.42,0.62,1,-1,43.714
275,1.5328,0.16481,7.3798e-05,0.0010797,107.38,8,36,40,35.813,29.3,0.38415,0.707,0.5,0.1309,0.2,21,40.2,41.818,43.42,0.62,1,-1,91.205
276,1.3803,0.15659,8.2397e-05,0.00061082,80.496,8,36,40,34.127,29.3,0.2502,0.707,0.5,0.1309,0.2,21,40.2,41.001,43.42,0.62,1,-1,60.028
277,2.8446,0.13857,6.2495e-05,0.00049864,221.12,8,36,40,31.066,29.3,0.37422,0.707,0.5,0.1309,0.2,21,40.2,42.845,43.42,0.62,1,-1,91.664
278,1.5223,0.15698,6.7401e-05,0.00086923,157.09,8,36,40,36.083,29.3,0.18449,0.707,0.5,0.1309,0.2,21,40.2,42.405,43.42,0.62,1,-1,98.813
279,0.77319,0.16149,5.8951e-05,0.0015031,44.035,8,36,40,35.149,29.3,0.59976,0.707,0.5,0.1309,0.2,21,40.2,43.156,43.42,0.62,1,-1,69.2
280,0.84461,0.16665,7.7085e-05,0.001076,34.489,8,36,40,35.819,29.3,0.38129,0.707,0.5,0.1309,0.2,21,40.2,41.51,43.42,0.62,1,-1,51.599
281,1.11,0.15548,6.6417e-05,0.00083229,92.669,8,36,40,36.037,29.3,0.15989,0.707,0.5,0.1309,0.2,21,40.2,42.494,43.42,0.62,1,-1,74.286
282,1.7999,0.15319,6.7034e-05,0.00074404,146.49,8,36,40,35.137,29.3,0.24852,0.707,0.5,0.1309,0.2,21,40.2,42.439,43.42,0.62,1,-1,88.806
283,2.3462,0.15566,7.7098e-05,0.00065553,150,8,36,40,31.919,29.3,0.46156,0.707,0.5,0.1309,0.2,21,40.2,41.509,43.42,0.62,1,-1,86.091
284,1.4125,0.16104,7.3509e-05,0.00088893,68,8,36,40,32.529,29.3,0.55413,0.707,0.5,0.1309,0.2,21,40.2,41.845,43.42,0.62,1,-1,67.237
285,0.67534,0.16703,6.9072e-05,0.0015063,32.888,8,36,40,37.243,29.3,0.28767,0.707,0.5,0.1309,0.2,21,40.2,42.254,43.42,0.62,1,-1,59.09
286,1.1994,0.16222,6.1849e-05,0.0014013,92.778,8,36,40,31.786,29.3,0.69404,0.707,0.5,0.1309,0.2,21,40.2,42.902,43.42,0.62,1,-1,99.078
287,0.53207,0.16723,6.5434e-05,0.0018398,30.573,8,36,40,37.826,29.3,0.20303,0.707,0.5,0.1309,0.2,21,40.2,42.583,43.42,0.62,1,-1,62.738
288,0.29968,0.17643,8.4399e-05,0.0015755,12.621,8,36,40,37.627,29.3,0.16971,0.707,0.5,0.1309,0.2,21,40.2,40.806,43.42,0.62,1,-1,37.348
289,0.78187,0.13844,6.2859e-05,0.00049526,17.578,8,36,40,32.215,29.3,0.2978,0.707,0.5,0.1309,0.2,21,40.2,42.812,43.42,0.62,1,-1,25.568
290,1.0332,0.17356,7.8026e-05,0.0016985,73.807,8,36,40,36.786,29.3,0.47055,0.707,0.5,0.1309,0.2,21,40.2,41.421,43.42,0.62,1,-1,94.266
291,1.1139,0.16547,7.1803e-05,0.0011991,55.51,8,36,40,33.451,29.3,0.61482,0.707,0.5,0.1309,0.2,21,40.2,42.003,43.42,0.62,1,-1,70.144
292,0.41794,0.16781,6.2151e-05,0.0023918,20.762,8,36,40,37.646,29.3,0.45578,0.707,0.5,0.1309,0.2,21,40.2,42.875,43.42,0.62,1,-1,59.014
293,1.3302,0.16477,6.7106e-05,0.0013731,96.788,8,36,40,35.065,29.3,0.57389,0.707,0.5,0.1309,0.2,21,40.2,42.432,43.42,0.62,1,-1,98.107
294,0.56527,0.15429,7.1079e-05,0.00071012,11.316,8,36,40,34.773,29.3,0.26988,0.707,0.5,0.1309,0.2,21,40.2,42.07,43.42,0.62,1,-1,24.169
295,0.56129,0.15517,7.9996e-05,0.00060789,8.2792,8,36,40,31.113,29.3,0.46474,0.707,0.5,0.1309,0.2,21,40.2,41.233,43.42,0.62,1,-1,19.578
296,0.62218,0.14617,6.4845e-05,0.00060373,17.41,8,36,40,34.472,29.3,0.19569,0.707,0.5,0.1309,0.2,21,40.2,42.635,43.42,0.62,1,-1,27.694
297,0.48644,0.1369,8.2623e-05,0.00036909,10.531,8,36,40,31.289,29.3,0.17437,0.707,0.5,0.1309,0.2,21,40.2,40.979,43.42,0.62,1,-1,17.185
298,0.63418,0.14811,6.9557e-05,0.00059043,13.321,8,36,40,33.996,29.3,0.24251,0.707,0.5,0.1309,0.2,21,40.2,42.209,43.42,0.62,1,-1,24.028
299,0.13813,0.17866,8.4694e-05,0.0018939,1.8127,8,36,40,36.246,29.3,0.59026,0.707,0.5,0.1309,0.2,21,40.2,40.777,43.42,0.62,1,-1,15.652
300,0.25757,0.16307,7.8941e-05,0.00084918,2.834,8,36,40,35.712,29.3,0.24475,0.707,0.5,0.1309,0.2,21,40.2,41.334,43.42,0.62,1,-1,13.149
301,0.17662,0.16506,7.0073e-05,0.001243,1.4097,8,36,40,32.35,29.3,0.65756,0.707,0.5,0.1309,0.2,21,40.2,42.162,43.42,0.62,1,-1,11.461
302,0.21621,0.1598,7.131e-05,0.00089131,1.5564,8,36,40,33.713,29.3,0.49492,0.707,0.5,0.1309,0.2,21,40.2,42.049,43.42,0.62,1,-1,10.109
303,0.17056,0.17378,6.8431e-05,0.0035105,3.6208,8,36,40,37.139,29.3,0.69229,0.707,0.5,0.1309,0.2,21,40.2,42.312,43.42,0.62,1,-1,29.951
304,1.5351,0.15892,8.4235e-05,0.00063719,123.92,8,36,40,34.48,29.3,0.23439,0.707,0.5,0.1309,0.2,21,40.2,40.822,43.42,0.62,1,-1,75.9
305,1.1754,0.13324,5.9485e-05,0.00045526,73.308,8,36,40,33.093,29.3,0.15747,0.707,0.5,0.1309,0.2,21,40.2,43.109,43.42,0.62,1,-1,49.781
306,0.36254,0.16791,5.8606e-05,0.0032131,22.3,8,36,40,37.168,29.3,0.66412,0.707,0.5,0.1309,0.2,21,40.2,43.186,43.42,0.62,1,-1,71.098
307,1.6337,0.1586,6.8439e-05,0.0009111,107.84,8,36,40,35.106,29.3,0.38208,0.707,0.5,0.1309,0.2,21,40.2,42.311,43.42,0.62,1,-1,84.335
308,1.4901,0.13537,6.0487e-05,0.00047382,125.25,8,36,40,33.369,29.3,0.15596,0.707,0.5,0.1309,0.2,21,40.2,43.022,43.42,0.62,1,-1,66.267
309,1.0139,0.17451,7.8103e-05,0.0018495,74.097,8,36,40,36.65,29.3,0.53207,0.707,0.5,0.1309,0.2,21,40.2,41.413,43.42,0.62,1,-1,98.643
310,2.0662,0.14578,7.0736e-05,0.00053704,99.712,8,36,40,31.423,29.3,0.39317,0.707,0.5,0.1309,0.2,21,40.2,42.101,43.42,0.62,1,-1,63.734
311,0.80383,0.16865,6.7281e-05,0.0019085,52.165,8,36,40,37.201,29.3,0.4476,0.707,0.5,0.1309,0.2,21,40.2,42.416,43.42,0.62,1,-1,83.789
312,1.8833,0.14497,7.255e-05,0.00051204,206.26,8,36,40,33.832,29.3,0.15772,0.707,0.5,0.1309,0.2,21,40.2,41.934,43.42,0.62,1,-1,88.142
313,0.3414,0.17994,7.771e-05,0.0041946,21.955,8,36,40,37.818,29.3,0.65254,0.707,0.5,0.1309,0.2,21,40.2,41.451,43.42,0.62,1,-1,80.28
314,0.5424,0.16441,7.6758e-05,0.00096432,18.132,8,36,40,36.309,29.3,0.21279,0.707,0.5,0.1309,0.2,21,40.2,41.541,43.42,0.62,1,-1,35.31
315,0.30184,0.16441,8.1516e-05,0.00084143,4.2307,8,36,40,35.401,29.3,0.29195,0.707,0.5,0.1309,0.2,21,40.2,41.086,43.42,0.62,1,-1,16.023
316,0.27984,0.15666,6.6766e-05,0.00086868,3.2514,8,36,40,35.409,29.3,0.31179,0.707,0.5,0.1309,0.2,21,40.2,42.463,43.42,0.62,1,-1,14.272
317,0.35023,0.16659,7.0494e-05,0.0013696,7.2091,8,36,40,36.978,29.3,0.29912,0.707,0.5,0.1309,0.2,21,40.2,42.124,43.42,0.62,1,-1,26.423
318,0.41076,0.15521,6.997e-05,0.00075292,4.7595,8,36,40,33.366,29.3,0.44165,0.707,0.5,0.1309,0.2,21,40.2,42.172,43.42,0.62,1,-1,16.284
319,1.3067,0.16428,6.801e-05,0.0012795,85.416,8,36,40,34.678,29.3,0.57464,0.707,0.5,0.1309,0.2,21,40.2,42.35,43.42,0.62,1,-1,89.184
320,1.358,0.15809,6.268e-05,0.001042,85.843,8,36,40,31.985,29.3,0.62102,0.707,0.5,0.1309,0.2,21,40.2,42.828,43.42,0.62,1,-1,82.077
321,1.1795,0.15854,5.9281e-05,0.0012056,110.4,8,36,40,36.847,29.3,0.24279,0.707,0.5,0.1309,0.2,21,40.2,43.127,43.42,0.62,1,-1,97.093
322,0.93513,0.15951,8.08e-05,0.00069572,26.091,8,36,40,31.156,29.3,0.51661,0.707,0.5,0.1309,0.2,21,40.2,41.156,43.42,0.62,1,-1,37.171
323,0.58417,0.16388,7.7647e-05,0.00090927,13.122,8,36,40,32.701,29.3,0.55507,0.707,0.5,0.1309,0.2,21,40.2,41.457,43.42,0.62,1,-1,29.84
324,0.3734,0.1493,7.0288e-05,0.00060357,3.5378,8,36,40,32.467,29.3,0.39154,0.707,0.5,0.1309,0.2,21,40.2,42.143,43.42,0.62,1,-1,12.642
325,0.99729,0.17124,8.298e-05,0.0011458,52.674,8,36,40,33.372,29.3,0.60409,0.707,0.5,0.1309,0.2,21,40.2,40.945,43.42,0.62,1,-1,66.825
326,1.2507,0.15894,7.6625e-05,0.00075081,47.985,8,36,40,33.242,29.3,0.44867,0.707,0.5,0.1309,0.2,21,40.2,41.553,43.42,0.62,1,-1,51.673
327,1.8439,0.15516,8.5465e-05,0.00055123,174.44,8,36,40,33.432,29.3,0.25846,0.707,0.5,0.1309,0.2,21,40.2,40.701,43.42,0.62,1,-1,84.315
328,0.44638,0.16818,6.2654e-05,0.0024167,20.572,8,36,40,37.168,29.3,0.56487,0.707,0.5,0.1309,0.2,21,40.2,42.831,43.42,0.62,1,-1,59.222
329,0.63578,0.16409,6.2464e-05,0.0015958,29.54,8,36,40,36.456,29.3,0.49345,0.707,0.5,0.1309,0.2,21,40.2,42.847,43.42,0.62,1,-1,57.924
330,1.7876,0.14746,5.9329e-05,0.00069819,117.21,8,36,40,32.23,29.3,0.47372,0.707,0.5,0.1309,0.2,21,40.2,43.123,43.42,0.62,1,-1,78.381
331,0.64061,0.16543,6.0823e-05,0.0019785,53.32,8,36,40,37.966,29.3,0.18621,0.707,0.5,0.1309,0.2,21,40.2,42.992,43.42,0.62,1,-1,85.845
332,0.20456,0.17075,6.3423e-05,0.0033466,6.8609,8,36,40,37.277,29.3,0.66322,0.707,0.5,0.1309,0.2,21,40.2,42.762,43.42,0.62,1,-1,40.22
333,1.6923,0.16867,8.2208e-05,0.0010116,129.17,8,36,40,31.857,29.3,0.61613,0.707,0.5,0.1309,0.2,21,40.2,41.019,43.42,0.62,1,-1,99.284
334,0.5183,0.17138,6.8135e-05,0.0024792,27.482,8,36,40,37.849,29.3,0.40989,0.707,0.5,0.1309,0.2,21,40.2,42.339,43.42,0.62,1,-1,69.038
335,2.5944,0.14222,6.0897e-05,0.00056882,220.12,8,36,40,32.613,29.3,0.34942,0.707,0.5,0.1309,0.2,21,40.2,42.986,43.42,0.62,1,-1,96.716
336,0.5213,0.16964,7.4348e-05,0.0014525,15.102,8,36,40,32.979,29.3,0.67942,0.707,0.5,0.1309,0.2,21,40.2,41.767,43.42,0.62,1,-1,40.388
337,1.4574,0.13663,6.8961e-05,0.00043525,64.743,8,36,40,32.014,29.3,0.23055,0.707,0.5,0.1309,0.2,21,40.2,42.264,43.42,0.62,1,-1,46.059
338,0.24983,0.16676,6.7638e-05,0.0015731,3.8747,8,36,40,36.524,29.3,0.47624,0.707,0.5,0.1309,0.2,21,40.2,42.384,43.42,0.62,1,-1,20.82
339,1.6698,0.15289,6.5551e-05,0.00076011,169.13,8,36,40,35.541,29.3,0.19369,0.707,0.5,0.1309,0.2,21,40.2,42.572,43.42,0.62,1,-1,96.205
340,0.22981,0.16206,6.8016e-05,0.0011092,2.3423,8,36,40,34.044,29.3,0.56125,0.707,0.5,0.1309,0.2,21,40.2,42.35,43.42,0.62,1,-1,13.806
341,0.34017,0.17259,7.8923e-05,0.0014912,6.8796,8,36,40,34.961,29.3,0.60919,0.707,0.5,0.1309,0.2,21,40.2,41.335,43.42,0.62,1,-1,27.276
342,0.14355,0.17664,7.6121e-05,0.0027431,2.3761,8,36,40,37.978,29.3,0.42194,0.707,0.5,0.1309,0.2,21,40.2,41.601,43.42,0.62,1,-1,21.336
343,0.51594,0.16783,7.6955e-05,0.0011522,11.798,8,36,40,31.6,29.3,0.65498,0.707,0.5,0.1309,0.2,21,40.2,41.522,43.42,0.62,1,-1,32.076
344,1.3112,0.16466,7.7753e-05,0.00094618,75.549,8,36,40,35.453,29.3,0.35871,0.707,0.5,0.1309,0.2,21,40.2,41.447,43.42,0.62,1,-1,71.777
345,0.56737,0.17551,7.2714e-05,0.003114,36.031,8,36,40,37.866,29.3,0.52624,0.707,0.5,0.1309,0.2,21,40.2,41.919,43.42,0.62,1,-1,88.586
346,0.3439,0.16648,8.4935e-05,0.00083705,5.2057,8,36,40,31.368,29.3,0.57322,0.707,0.5,0.1309,0.2,21,40.2,40.753,43.42,0.62,1,-1,18.187
347,1.8417,0.15952,6.7599e-05,0.00097348,131.89,8,36,40,32.701,29.3,0.57821,0.707,0.5,0.1309,0.2,21,40.2,42.388,43.42,0.62,1,-1,97.885
348,0.51379,0.15855,6.7982e-05,0.00091913,9.5196,8,36,40,34.421,29.3,0.45646,0.707,0.5,0.1309,0.2,21,40.2,42.353,43.42,0.62,1,-1,25.276
349,0.50024,0.15922,6.9922e-05,0.00090389,15.447,8,36,40,36.214,29.3,0.18458,0.707,0.5,0.1309,0.2,21,40.2,42.176,43.42,0.62,1,-1,31.572
350,0.42852,0.17052,7.9679e-05,0.001237,9.5282,8,36,40,32.192,29.3,0.6599,0.707,0.5,0.1309,0.2,21,40.2,41.263,43.42,0.62,1,-1,29.754
351,0.70608,0.15718,6.0499e-05,0.0010653,32.21,8,36,40,36.304,29.3,0.28748,0.707,0.5,0.1309,0.2,21,40.2,43.021,43.42,0.62,1,-1,49.466
352,0.38316,0.17116,7.3332e-05,0.0017524,20.954,8,36,40,37.841,29.3,0.15089,0.707,0.5,0.1309,0.2,21,40.2,41.862,43.42,0.62,1,-1,50.686
353,1.3056,0.1359,6.1862e-05,0.00047013,52.931,8,36,40,32.137,29.3,0.27132,0.707,0.5,0.1309,0.2,21,40.2,42.901,43.42,0.62,1,-1,43.248
354,0.66868,0.1613,6.48e-05,0.0011805,22.724,8,36,40,33.908,29.3,0.58997,0.707,0.5,0.1309,0.2,21,40.2,42.639,43.42,0.62,1,-1,44.402
355,0.33847,0.17776,8.2109e-05,0.0020313,10.602,8,36,40,37.312,29.3,0.4553,0.707,0.5,0.1309,0.2,21,40.2,41.029,43.42,0.62,1,-1,38.943
356,0.45044,0.17025,6.656e-05,0.0023886,18.675,8,36,40,36.189,29.3,0.66919,0.707,0.5,0.1309,0.2,21,40.2,42.481,43.42,0.62,1,-1,56.441
357,1.5837,0.15776,7.2054e-05,0.00079526,77.493,8,36,40,31.899,29.3,0.53888,0.707,0.5,0.1309,0.2,21,40.2,41.98,43.42,0.62,1,-1,68.164
358,0.30942,0.167,6.1458e-05,0.002267,10.841,8,36,40,37.725,29.3,0.39987,0.707,0.5,0.1309,0.2,21,40.2,42.936,43.42,0.62,1,-1,41.495
359,0.083711,0.17978,8.1106e-05,0.002835,0.85361,8,36,40,37.837,29.3,0.48869,0.707,0.5,0.1309,0.2,21,40.2,41.126,43.42,0.62,1,-1,13.012
360,1.2554,0.16787,8.5275e-05,0.0008841,76.137,8,36,40,31.071,29.3,0.59729,0.707,0.5,0.1309,0.2,21,40.2,40.72,43.42,0.62,1,-1,71.618
361,1.9208,0.1512,6.5791e-05,0.00070363,111.97,8,36,40,32.019,29.3,0.48697,0.707,0.5,0.1309,0.2,21,40.2,42.551,43.42,0.62,1,-1,77.012
362,0.40313,0.16292,6.4977e-05,0.0013003,9.1844,8,36,40,31.183,29.3,0.68735,0.707,0.5,0.1309,0.2,21,40.2,42.624,43.42,0.62,1,-1,30.145
363,0.45663,0.17495,7.915e-05,0.0018205,15.435,8,36,40,36.91,29.3,0.48286,0.707,0.5,0.1309,0.2,21,40.2,41.314,43.42,0.62,1,-1,44.594
364,0.75681,0.17146,8.2843e-05,0.0011662,29.803,8,36,40,32.808,29.3,0.62897,0.707,0.5,0.1309,0.2,21,40.2,40.958,43.42,0.62,1,-1,50.893
365,1.0043,0.172,7.7328e-05,0.0015382,69.277,8,36,40,37.042,29.3,0.35968,0.707,0.5,0.1309,0.2,21,40.2,41.487,43.42,0.62,1,-1,86.773
366,1.3675,0.17194,8.1297e-05,0.0012823,102.87,8,36,40,34.885,29.3,0.56151,0.707,0.5,0.1309,0.2,21,40.2,41.108,43.42,0.62,1,-1,97.851
367,1.5082,0.16599,7.914e-05,0.00096898,90.611,8,36,40,33.794,29.3,0.52439,0.707,0.5,0.1309,0.2,21,40.2,41.315,43.42,0.62,1,-1,80.385
368,1.3863,0.16185,7.0609e-05,0.0010098,73.977,8,36,40,34.216,29.3,0.51406,0.707,0.5,0.1309,0.2,21,40.2,42.113,43.42,0.62,1,-1,73.949
369,0.23734,0.17205,8.4343e-05,0.0011507,3.6392,8,36,40,36.325,29.3,0.33488,0.707,0.5,0.1309,0.2,21,40.2,40.812,43.42,0.62,1,-1,17.279
370,0.14024,0.16328,6.2355e-05,0.0014942,1.2535,8,36,40,34.034,29.3,0.65458,0.707,0.5,0.1309,0.2,21,40.2,42.857,43.42,0.62,1,-1,11.723
371,0.50126,0.16984,7.2201e-05,0.0016421,15.101,8,36,40,36.017,29.3,0.55975,0.707,0.5,0.1309,0.2,21,40.2,41.966,43.42,0.62,1,-1,42.126
372,1.6695,0.15225,7.1476e-05,0.00065142,74.232,8,36,40,32.276,29.3,0.44039,0.707,0.5,0.1309,0.2,21,40.2,42.033,43.42,0.62,1,-1,60.235
373,2.5895,0.14952,7.1876e-05,0.00059048,174.6,8,36,40,32.238,29.3,0.3947,0.707,0.5,0.1309,0.2,21,40.2,41.996,43.42,0.62,1,-1,87.972
374,0.45892,0.16301,6.9589e-05,0.0011179,9.9316,8,36,40,36.148,29.3,0.35002,0.707,0.5,0.1309,0.2,21,40.2,42.207,43.42,0.62,1,-1,28.165
375,1.8476,0.14318,7.1985e-05,0.00049116,101.92,8,36,40,32.621,29.3,0.25931,0.707,0.5,0.1309,0.2,21,40.2,41.986,43.42,0.62,1,-1,61.15
376,0.13735,0.1774,7.6309e-05,0.0030299,2.244,8,36,40,37.978,29.3,0.47797,0.707,0.5,0.1309,0.2,21,40.2,41.583,43.42,0.62,1,-1,21.792
377,0.74667,0.17608,7.9654e-05,0.0019791,46.381,8,36,40,37.073,29.3,0.49307,0.707,0.5,0.1309,0.2,21,40.2,41.266,43.42,0.62,1,-1,80.52
378,2.1157,0.1538,8.5227e-05,0.00053098,167.37,8,36,40,31.972,29.3,0.35519,0.707,0.5,0.1309,0.2,21,40.2,40.725,43.42,0.62,1,-1,81.817
379,0.31224,0.1479,7.0996e-05,0.00056913,2.3493,8,36,40,31.232,29.3,0.4305,0.707,0.5,0.1309,0.2,21,40.2,42.078,43.42,0.62,1,-1,10.083
380,0.48279,0.16015,6.5249e-05,0.0010851,10.896,8,36,40,34.002,29.3,0.55559,0.707,0.5,0.1309,0.2,21,40.2,42.599,43.42,0.62,1,-1,29.459
381,1.7646,0.14999,6.1144e-05,0.00074423,141.28,8,36,40,34.866,29.3,0.28871,0.707,0.5,0.1309,0.2,21,40.2,42.964,43.42,0.62,1,-1,87.373
382,0.24922,0.16164,7.2509e-05,0.00094838,4.874,8,36,40,36.465,29.3,0.15821,0.707,0.5,0.1309,0.2,21,40.2,41.938,43.42,0.62,1,-1,18.137
383,1.1029,0.13981,6.6373e-05,0.00048874,40.11,8,36,40,32.947,29.3,0.22533,0.707,0.5,0.1309,0.2,21,40.2,42.498,43.42,0.62,1,-1,38.188
384,1.1623,0.16924,8.4293e-05,0.00097699,66.043,8,36,40,32.36,29.3,0.59133,0.707,0.5,0.1309,0.2,21,40.2,40.816,43.42,0.62,1,-1,69.541
385,0.21634,0.1629,5.8622e-05,0.0017196,4.5683,8,36,40,34.086,29.3,0.68771,0.707,0.5,0.1309,0.2,21,40.2,43.185,43.42,0.62,1,-1,24
386,1.3806,0.15642,7.9823e-05,0.00063866,62.425,8,36,40,33.64,29.3,0.3313,0.707,0.5,0.1309,0.2,21,40.2,41.249,43.42,0.62,1,-1,54.22
387,2.3516,0.15489,7.438e-05,0.00067639,175.74,8,36,40,33.656,29.3,0.36321,0.707,0.5,0.1309,0.2,21,40.2,41.764,43.42,0.62,1,-1,93.614
388,1.3517,0.16387,6.6993e-05,0.0012925,95.957,8,36,40,34.231,29.3,0.60349,0.707,0.5,0.1309,0.2,21,40.2,42.442,43.42,0.62,1,-1,95.276
389,2.6711,0.13951,7.4263e-05,0.00043416,280.67,8,36,40,32.242,29.3,0.209,0.707,0.5,0.1309,0.2,21,40.2,41.775,43.42,0.62,1,-1,95.639
390,1.0945,0.16351,8.413e-05,0.00075851,103.74,8,36,40,35.668,29.3,0.16624,0.707,0.5,0.1309,0.2,21,40.2,40.832,43.42,0.62,1,-1,75.207
391,0.62515,0.17871,7.8579e-05,0.0030218,45.305,8,36,40,37.708,29.3,0.5529,0.707,0.5,0.1309,0.2,21,40.2,41.368,43.42,0.62,1,-1,97.948
392,0.72987,0.17434,8.2286e-05,0.0014718,60.432,8,36,40,37.461,29.3,0.18734,0.707,0.5,0.1309,0.2,21,40.2,41.012,43.42,0.62,1,-1,79.069
393,0.57591,0.16648,6.7358e-05,0.0015553,20.093,8,36,40,36.219,29.3,0.51398,0.707,0.5,0.1309,0.2,21,40.2,42.409,43.42,0.62,1,-1,47.231
394,1.1037,0.12832,6.3321e-05,0.00038777,39.242,8,36,40,31.346,29.3,0.20497,0.707,0.5,0.1309,0.2,21,40.2,42.771,43.42,0.62,1,-1,33.992
395,1.2532,0.17075,7.6453e-05,0.0014439,85.688,8,36,40,34.149,29.3,0.64061,0.707,0.5,0.1309,0.2,21,40.2,41.57,43.42,0.62,1,-1,95.21
396,1.8256,0.16313,7.6174e-05,0.00091769,145.32,8,36,40,35.489,29.3,0.33481,0.707,0.5,0.1309,0.2,21,40.2,41.596,43.42,0.62,1,-1,98.018
397,2.6042,0.14152,7.4074e-05,0.00045628,195.34,8,36,40,31.827,29.3,0.27607,0.707,0.5,0.1309,0.2,21,40.2,41.793,43.42,0.62,1,-1,82.013
398,1.6355,0.16723,7.8837e-05,0.0010462,116.37,8,36,40,33.865,29.3,0.54979,0.707,0.5,0.1309,0.2,21,40.2,41.344,43.42,0.62,1,-1,94.615
399,1.5796,0.1516,5.8511e-05,0.00084131,108.48,8,36,40,31.24,29.3,0.57833,0.707,0.5,0.1309,0.2,21,40.2,43.194,43.42,0.62,1,-1,83.301
400,0.55669,0.14206,6.0413e-05,0.00056993,9.6788,8,36,40,31.813,29.3,0.40169,0.707,0.5,0.1309,0.2,21,40.2,43.028,43.42,0.62,1,-1,20.405
401,0.53333,0.1773,7.702e-05,0.0027957,29.209,8,36,40,37.324,29.3,0.59617,0.707,0.5,0.1309,0.2,21,40.2,41.516,43.42,0.62,1,-1,75.828
402,0.2151,0.17622,8.5042e-05,0.0014908,3.7406,8,36,40,34.868,29.3,0.61462,0.707,0.5,0.1309,0.2,21,40.2,40.743,43.42,0.62,1,-1,20.122
403,0.36261,0.17252,6.8084e-05,0.0029243,14.015,8,36,40,36.823,29.3,0.67319,0.707,0.5,0.1309,0.2,21,40.2,42.344,43.42,0.62,1,-1,53.888
404,0.20325,0.16229,6.6411e-05,0.001192,1.9676,8,36,40,35.77,29.3,0.44414,0.707,0.5,0.1309,0.2,21,40.2,42.495,43.42,0.62,1,-1,12.976
405,1.2603,0.1564,8.1929e-05,0.0006132,75.559,8,36,40,34.4,29.3,0.21749,0.707,0.5,0.1309,0.2,21,40.2,41.047,43.42,0.62,1,-1,58.17
406,0.076562,0.17334,7.4189e-05,0.0020708,0.84101,8,36,40,36.397,29.3,0.6066,0.707,0.5,0.1309,0.2,21,40.2,41.782,43.42,0.62,1,-1,11.138
407,1.4175,0.16452,7.1042e-05,0.0011667,117.23,8,36,40,36.628,29.3,0.27717,0.707,0.5,0.1309,0.2,21,40.2,42.073,43.42,0.62,1,-1,98.557
408,1.9598,0.15704,6.6834e-05,0.000879,142.21,8,36,40,32.477,29.3,0.55225,0.707,0.5,0.1309,0.2,21,40.2,42.457,43.42,0.62,1,-1,96.721
409,0.71393,0.1562,7.6793e-05,0.00067618,29.065,8,36,40,35.075,29.3,0.18741,0.707,0.5,0.1309,0.2,21,40.2,41.537,43.42,0.62,1,-1,37.725
410,1.5185,0.14447,6.2465e-05,0.00059474,75.77,8,36,40,33.12,29.3,0.33534,0.707,0.5,0.1309,0.2,21,40.2,42.847,43.42,0.62,1,-1,57.836
411,1.0489,0.1545,7.3501e-05,0.00067926,34.367,8,36,40,33.761,29.3,0.3562,0.707,0.5,0.1309,0.2,21,40.2,41.846,43.42,0.62,1,-1,41.458
412,0.71166,0.15112,7.0999e-05,0.00063491,18.57,8,36,40,34.396,29.3,0.24307,0.707,0.5,0.1309,0.2,21,40.2,42.077,43.42,0.62,1,-1,29.345
413,0.21439,0.16972,7.5796e-05,0.0013803,3.0183,8,36,40,37.044,29.3,0.28563,0.707,0.5,0.1309,0.2,21,40.2,41.631,43.42,0.62,1,-1,17.157
414,0.77447,0.15991,6.9265e-05,0.00095097,24.924,8,36,40,35.588,29.3,0.34201,0.707,0.5,0.1309,0.2,21,40.2,42.236,43.42,0.62,1,-1,41.297
415,0.37574,0.17262,6.5902e-05,0.0036811,21.71,8,36,40,37.752,29.3,0.62084,0.707,0.5,0.1309,0.2,21,40.2,42.541,43.42,0.62,1,-1,74.815
416,1.5523,0.14574,6.72e-05,0.00057046,75.362,8,36,40,33.285,29.3,0.29534,0.707,0.5,0.1309,0.2,21,40.2,42.424,43.42,0.62,1,-1,56.431
417,0.38958,0.15553,8.2695e-05,0.0005846,4.3528,8,36,40,31.494,29.3,0.43048,0.707,0.5,0.1309,0.2,21,40.2,40.972,43.42,0.62,1,-1,13.887
418,0.86766,0.17076,7.8894e-05,0.0013047,38.735,8,36,40,35.517,29.3,0.5154,0.707,0.5,0.1309,0.2,21,40.2,41.338,43.42,0.62,1,-1,60.329
419,0.26471,0.1669,5.9815e-05,0.0025051,9.4914,8,36,40,37.864,29.3,0.41077,0.707,0.5,0.1309,0.2,21,40.2,43.081,43.42,0.62,1,-1,40.78
420,0.87457,0.16571,6.435e-05,0.0016863,80.211,8,36,40,37.692,29.3,0.19728,0.707,0.5,0.1309,0.2,21,40.2,42.68,43.42,0.62,1,-1,97.368
421,1.2185,0.15567,8.2044e-05,0.00059441,41.888,8,36,40,31.556,29.3,0.43515,0.707,0.5,0.1309,0.2,21,40.2,41.035,43.42,0.62,1,-1,43.422
422,2.532,0.15805,8.018e-05,0.00067034,197.77,8,36,40,32.694,29.3,0.42961,0.707,0.5,0.1309,0.2,21,40.2,41.215,43.42,0.62,1,-1,99.468
423,1.0072,0.14714,6.1629e-05,0.00065935,33.448,8,36,40,32.209,29.3,0.44954,0.707,0.5,0.1309,0.2,21,40.2,42.921,43.42,0.62,1,-1,40.696
424,0.29386,0.17499,7.2942e-05,0.0028086,9.2587,8,36,40,37.634,29.3,0.53794,0.707,0.5,0.1309,0.2,21,40.2,41.898,43.42,0.62,1,-1,42.708
425,2.13,0.14577,6.4712e-05,0.00059556,135.19,8,36,40,32.575,29.3,0.37739,0.707,0.5,0.1309,0.2,21,40.2,42.647,43.42,0.62,1,-1,77.575
426,1.5654,0.16207,7.718e-05,0.00084412,80.709,8,36,40,31.591,29.3,0.5694,0.707,0.5,0.1309,0.2,21,40.2,41.501,43.42,0.62,1,-1,71.811
427,1.5102,0.13674,7.1119e-05,0.00042378,60.021,8,36,40,31.503,29.3,0.25274,0.707,0.5,0.1309,0.2,21,40.2,42.066,43.42,0.62,1,-1,43.903
428,1.6746,0.14194,7.9241e-05,0.00042918,87.792,8,36,40,31.835,29.3,0.23566,0.707,0.5,0.1309,0.2,21,40.2,41.305,43.42,0.62,1,-1,53.321
429,0.12525,0.16822,6.8179e-05,0.0017419,0.85718,8,36,40,36.737,29.3,0.49131,0.707,0.5,0.1309,0.2,21,40.2,42.335,43.42,0.62,1,-1,10.291
430,0.13115,0.16835,7.2631e-05,0.0014155,0.95076,8,36,40,32.02,29.3,0.69255,0.707,0.5,0.1309,0.2,21,40.2,41.927,43.42,0.62,1,-1,10.065
431,0.25585,0.17731,7.6598e-05,0.002907,6.821,8,36,40,37.46,29.3,0.58775,0.707,0.5,0.1309,0.2,21,40.2,41.556,43.42,0.62,1,-1,37.334
432,0.56998,0.17929,7.9658e-05,0.0029944,39.219,8,36,40,36.961,29.3,0.66628,0.707,0.5,0.1309,0.2,21,40.2,41.265,43.42,0.62,1,-1,91.138
433,0.17367,0.15257,5.9705e-05,0.00086108,2.4201,8,36,40,36.183,29.3,0.15219,0.707,0.5,0.1309,0.2,21,40.2,43.09,43.42,0.62,1,-1,12.199
434,0.32877,0.162,5.857e-05,0.0015983,8.8111,8,36,40,36.618,29.3,0.46899,0.707,0.5,0.1309,0.2,21,40.2,43.189,43.42,0.62,1,-1,31.628
435,0.27704,0.17649,7.8076e-05,0.0022987,7.1153,8,36,40,35.528,29.3,0.69907,0.707,0.5,0.1309,0.2,21,40.2,41.416,43.42,0.62,1,-1,34.318
436,1.5695,0.16196,8.3393e-05,0.00072569,169.71,8,36,40,35.354,29.3,0.19288,0.707,0.5,0.1309,0.2,21,40.2,40.904,43.42,0.62,1,-1,94.272
437,0.77018,0.16697,8.3558e-05,0.00089729,38.71,8,36,40,36.046,29.3,0.21796,0.707,0.5,0.1309,0.2,21,40.2,40.888,43.42,0.62,1,-1,49.848
438,0.60823,0.16982,7.0435e-05,0.0017895,25.507,8,36,40,34.018,29.3,0.6988,0.707,0.5,0.1309,0.2,21,40.2,42.129,43.42,0.62,1,-1,57.877
439,0.61441,0.17661,8.2114e-05,0.0018058,33.265,8,36,40,37.246,29.3,0.40559,0.707,0.5,0.1309,0.2,21,40.2,41.029,43.42,0.62,1,-1,65.067
440,2.5526,0.14633,6.8008e-05,0.00057131,165.04,8,36,40,31.541,29.3,0.41735,0.707,0.5,0.1309,0.2,21,40.2,42.35,43.42,0.62,1,-1,84.507
441,1.7991,0.15316,6.5884e-05,0.0007574,104.86,8,36,40,31.393,29.3,0.53923,0.707,0.5,0.1309,0.2,21,40.2,42.542,43.42,0.62,1,-1,77.634
442,0.48792,0.15999,5.8887e-05,0.0013434,15.692,8,36,40,34.465,29.3,0.60377,0.707,0.5,0.1309,0.2,21,40.2,43.162,43.42,0.62,1,-1,39.222
443,0.52678,0.16755,6.8462e-05,0.0016156,17.896,8,36,40,36.3,29.3,0.52042,0.707,0.5,0.1309,0.2,21,40.2,42.309,43.42,0.62,1,-1,45.408
444,1.3275,0.14789,6.6755e-05,0.00061552,52.337,8,36,40,33.032,29.3,0.36203,0.707,0.5,0.1309,0.2,21,40.2,42.464,43.42,0.62,1,-1,48.927
445,0.46267,0.17147,8.3651e-05,0.0011342,11.681,8,36,40,33.491,29.3,0.59599,0.707,0.5,0.1309,0.2,21,40.2,40.879,43.42,0.62,1,-1,31.287
446,0.73703,0.16591,7.9968e-05,0.00094448,28.819,8,36,40,35.968,29.3,0.27195,0.707,0.5,0.1309,0.2,21,40.2,41.235,43.42,0.62,1,-1,44.149
447,0.97222,0.14453,7.1051e-05,0.00051792,51.986,8,36,40,33.887,29.3,0.15934,0.707,0.5,0.1309,0.2,21,40.2,42.072,43.42,0.62,1,-1,44.488
448,0.57454,0.17275,7.0091e-05,0.0025704,31.692,8,36,40,37.677,29.3,0.48479,0.707,0.5,0.1309,0.2,21,40.2,42.161,43.42,0.62,1,-1,75.569
449,1.3486,0.15679,8.2639e-05,0.00061012,55.585,8,36,40,32.153,29.3,0.41611,0.707,0.5,0.1309,0.2,21,40.2,40.978,43.42,0.62,1,-1,50.483
450,0.30401,0.15013,6.5186e-05,0.00068742,3.6693,8,36,40,34.689,29.3,0.25911,0.707,0.5,0.1309,0.2,21,40.2,42.605,43.42,0.62,1,-1,13.548
451,0.16384,0.17576,7.675e-05,0.0023161,2.0579,8,36,40,37.322,29.3,0.51821,0.707,0.5,0.1309,0.2,21,40.2,41.542,43.42,0.62,1,-1,18.32
452,0.25659,0.17273,7.066e-05,0.0024494,6.4604,8,36,40,36.742,29.3,0.6272,0.707,0.5,0.1309,0.2,21,40.2,42.108,43.42,0.62,1,-1,33.501
453,1.3263,0.13083,6.3344e-05,0.00040877,49.283,8,36,40,31.166,29.3,0.25347,0.707,0.5,0.1309,0.2,21,40.2,42.769,43.42,0.62,1,-1,39.156
454,2.5158,0.13486,6.5207e-05,0.00043789,176.53,8,36,40,31.322,29.3,0.28602,0.707,0.5,0.1309,0.2,21,40.2,42.603,43.42,0.62,1,-1,76.624
455,0.90905,0.16445,6.3376e-05,0.0015734,57.171,8,36,40,34.9,29.3,0.62957,0.707,0.5,0.1309,0.2,21,40.2,42.766,43.42,0.62,1,-1,80.798
456,1.1036,0.17027,7.186e-05,0.0017334,76.918,8,36,40,34.998,29.3,0.65257,0.707,0.5,0.1309,0.2,21,40.2,41.998,43.42,0.62,1,-1,98.309
457,1.383,0.14746,6.683e-05,0.00060626,58.425,8,36,40,33.282,29.3,0.33276,0.707,0.5,0.1309,0.2,21,40.2,42.457,43.42,0.62,1,-1,51.223
458,2.241,0.14963,6.9172e-05,0.00062441,176.67,8,36,40,34.018,29.3,0.278,0.707,0.5,0.1309,0.2,21,40.2,42.245,43.42,0.62,1,-1,89.974
459,0.69824,0.15718,6.0104e-05,0.0010739,27.676,8,36,40,33.647,29.3,0.57062,0.707,0.5,0.1309,0.2,21,40.2,43.055,43.42,0.62,1,-1,46.813
460,1.299,0.15053,6.4611e-05,0.00070232,53.529,8,36,40,31.336,29.3,0.5138,0.707,0.5,0.1309,0.2,21,40.2,42.656,43.42,0.62,1,-1,53.432
461,1.1277,0.15227,7.2292e-05,0.00064093,31.726,8,36,40,31.619,29.3,0.4657,0.707,0.5,0.1309,0.2,21,40.2,41.958,43.42,0.62,1,-1,39.224
462,1.5425,0.14128,6.1142e-05,0.00055063,75,8,36,40,32.397,29.3,0.34674,0.707,0.5,0.1309,0.2,21,40.2,42.964,43.42,0.62,1,-1,55.622
463,0.19712,0.16427,5.8888e-05,0.0019491,3.7597,8,36,40,37.072,29.3,0.48576,0.707,0.5,0.1309,0.2,21,40.2,43.162,43.42,0.62,1,-1,22.751
464,0.61301,0.15851,7.3711e-05,0.00079017,11.227,8,36,40,32.997,29.3,0.48637,0.707,0.5,0.1309,0.2,21,40.2,41.826,43.42,0.62,1,-1,25.681
465,1.1226,0.16615,7.1489e-05,0.0012699,58.441,8,36,40,33.658,29.3,0.6237,0.707,0.5,0.1309,0.2,21,40.2,42.032,43.42,0.62,1,-1,73.969
466,0.67907,0.15728,7.9542e-05,0.00066365,34.057,8,36,40,35.133,29.3,0.16234,0.707,0.5,0.1309,0.2,21,40.2,41.276,43.42,0.62,1,-1,40.441
467,0.52656,0.16863,6.7442e-05,0.0018853,19.821,8,36,40,36.446,29.3,0.56652,0.707,0.5,0.1309,0.2,21,40.2,42.402,43.42,0.62,1,-1,51.575
468,1.9129,0.14163,6.0818e-05,0.00056005,135.51,8,36,40,33.366,29.3,0.2757,0.707,0.5,0.1309,0.2,21,40.2,42.993,43.42,0.62,1,-1,74.938
469,0.52073,0.17322,8.1306e-05,0.0014036,16.154,8,36,40,34.229,29.3,0.629,0.707,0.5,0.1309,0.2,21,40.2,41.107,43.42,0.62,1,-1,40.738
470,1.2085,0.15482,8.1252e-05,0.00058694,39.111,8,36,40,31.16,29.3,0.44764,0.707,0.5,0.1309,0.2,21,40.2,41.112,43.42,0.62,1,-1,41.8
471,1.0366,0.15952,7.4111e-05,0.00081559,34.526,8,36,40,31.874,29.3,0.54867,0.707,0.5,0.1309,0.2,21,40.2,41.789,43.42,0.62,1,-1,46.084
472,1.3134,0.15821,6.2115e-05,0.0010743,98.916,8,36,40,35.952,29.3,0.35927,0.707,0.5,0.1309,0.2,21,40.2,42.878,43.42,0.62,1,-1,87.244
473,1.4714,0.14877,6.4971e-05,0.00065375,62.939,8,36,40,31.099,29.3,0.49493,0.707,0.5,0.1309,0.2,21,40.2,42.624,43.42,0.62,1,-1,55.985
474,0.571,0.1614,7.7254e-05,0.00082083,11.199,8,36,40,33.917,29.3,0.44294,0.707,0.5,0.1309,0.2,21,40.2,41.494,43.42,0.62,1,-1,25.989
475,1.8447,0.13152,6.5753e-05,0.00040309,96.702,8,36,40,31.113,29.3,0.24815,0.707,0.5,0.1309,0.2,21,40.2,42.554,43.42,0.62,1,-1,54.485
476,0.78508,0.15458,5.9768e-05,0.00094236,30.383,8,36,40,33.225,29.3,0.54443,0.707,0.5,0.1309,0.2,21,40.2,43.085,43.42,0.62,1,-1,46.07
477,2.4147,0.15776,7.8058e-05,0.00069285,167.16,8,36,40,31.814,29.3,0.48968,0.707,0.5,0.1309,0.2,21,40.2,41.418,43.42,0.62,1,-1,93.494
478,1.7924,0.15863,7.2266e-05,0.00082172,102.77,8,36,40,32.032,29.3,0.54561,0.707,0.5,0.1309,0.2,21,40.2,41.96,43.42,0.62,1,-1,79.726
479,1.7226,0.14853,6.8206e-05,0.0006138,145.48,8,36,40,34.587,29.3,0.19129,0.707,0.5,0.1309,0.2,21,40.2,42.332,43.42,0.62,1,-1,80.661
480,0.45144,0.1772,8.2742e-05,0.0018483,24.33,8,36,40,37.802,29.3,0.21996,0.707,0.5,0.1309,0.2,21,40.2,40.968,43.42,0.62,1,-1,56.104
481,3.116,0.1411,7.1031e-05,0.00047104,253.46,8,36,40,31.417,29.3,0.32313,0.707,0.5,0.1309,0.2,21,40.2,42.074,43.42,0.62,1,-1,95.169
482,1.0364,0.16345,7.3196e-05,0.0010174,41.731,8,36,40,34.425,29.3,0.5022,0.707,0.5,0.1309,0.2,21,40.2,41.874,43.42,0.62,1,-1,55.676
483,0.19542,0.16894,6.3657e-05,0.0024829,4.6777,8,36,40,36.76,29.3,0.62966,0.707,0.5,0.1309,0.2,21,40.2,42.741,43.42,0.62,1,-1,28.697
484,1.2642,0.16687,8.2067e-05,0.00092513,65.136,8,36,40,31.583,29.3,0.59776,0.707,0.5,0.1309,0.2,21,40.2,41.033,43.42,0.62,1,-1,67.54
485,1.0793,0.17021,8.1427e-05,0.0011406,58.203,8,36,40,34.638,29.3,0.53391,0.707,0.5,0.1309,0.2,21,40.2,41.095,43.42,0.62,1,-1,69.527
486,1.3155,0.15932,6.9207e-05,0.00092061,61.709,8,36,40,32.671,29.3,0.5606,0.707,0.5,0.1309,0.2,21,40.2,42.241,43.42,0.62,1,-1,65.123
487,0.43453,0.17521,7.2221e-05,0.0030966,21.176,8,36,40,36.852,29.3,0.68623,0.707,0.5,0.1309,0.2,21,40.2,41.965,43.42,0.62,1,-1,68.148
488,0.76188,0.17751,8.022e-05,0.0022437,56.72,8,36,40,37.593,29.3,0.43555,0.707,0.5,0.1309,0.2,21,40.2,41.211,43.42,0.62,1,-1,94.503
489,0.77656,0.15622,6.7144e-05,0.00083926,20.806,8,36,40,32.236,29.3,0.54537,0.707,0.5,0.1309,0.2,21,40.2,42.429,43.42,0.62,1,-1,36.205
490,1.4614,0.16076,8.175e-05,0.00071928,122.35,8,36,40,35.224,29.3,0.2093,0.707,0.5,0.1309,0.2,21,40.2,41.064,43.42,0.62,1,-1,79.757
491,1.6394,0.15152,6.371e-05,0.00074594,93.418,8,36,40,33.028,29.3,0.45922,0.707,0.5,0.1309,0.2,21,40.2,42.737,43.42,0.62,1,-1,71.962
492,1.9433,0.13916,6.6839e-05,0.00047729,133.82,8,36,40,32.798,29.3,0.2234,0.707,0.5,0.1309,0.2,21,40.2,42.456,43.42,0.62,1,-1,68.995
493,1.1254,0.17062,7.7853e-05,0.0013442,65.359,8,36,40,33.369,29.3,0.64974,0.707,0.5,0.1309,0.2,21,40.2,41.437,43.42,0.62,1,-1,80.627
494,0.39873,0.15528,7.0058e-05,0.0007546,4.998,8,36,40,34.215,29.3,0.37282,0.707,0.5,0.1309,0.2,21,40.2,42.164,43.42,0.62,1,-1,16.616
495,0.69456,0.1464,5.8676e-05,0.0006799,17.721,8,36,40,32.14,29.3,0.46669,0.707,0.5,0.1309,0.2,21,40.2,43.18,43.42,0.62,1,-1,30.093
496,0.81356,0.15734,6.4146e-05,0.00096249,28.545,8,36,40,34.631,29.3,0.46021,0.707,0.5,0.1309,0.2,21,40.2,42.698,43.42,0.62,1,-1,44.729
497,1.5698,0.13349,7.0165e-05,0.00039929,77.408,8,36,40,31.533,29.3,0.21051,0.707,0.5,0.1309,0.2,21,40.2,42.154,43.42,0.62,1,-1,48.386
498,1.4575,0.1554,7.5924e-05,0.0006686,94.687,8,36,40,34.763,29.3,0.22885,0.707,0.5,0.1309,0.2,21,40.2,41.619,43.42,0.62,1,-1,67.842
499,0.49184,0.16947,7.1823e-05,0.0016228,17.814,8,36,40,37.398,29.3,0.28964,0.707,0.5,0.1309,0.2,21,40.2,42.001,43.42,0.62,1,-1,45.097
500,0.52113,0.1387,7.2358e-05,0.00043721,10.874,8,36,40,32.596,29.3,0.18031,0.707,0.5,0.1309,0.2,21,40.2,41.952,43.42,0.62,1,-1,18.848
